ELECTRONICS	HARD DRIVE 400GB SAS 10K HDD DRIVE
ELECTRONICS	200GB SSD VNX5100/5300
ELECTRONICS	900GB 10K RPM 25IN 6GBPS SAS HDD
ELECTRONICS	HARD DRIVE 3TB 72K 6GBS
ELECTRONICS	DRIVE 1000GB 7200RPM SATA II
ELECTRONICS	DISK DRIVE 600GB 35IN 15K 2/4GB FC
ELECTRONICS	DRIVE 200 GB 35
ELECTRONICS	8GB SFP 500M SW FC GBIC MODULE
ELECTRONICS	AC-DC CONVERTER
ELECTRONICS	INGRAM CERT PRE-OWNED DELL 19IN LCD FLATPANEL
ELECTRONICS	INGRAM CERTIFIED PRE-OWNED LENOVO ULTRABASE 3 0A33932 DOCKING
ELECTRONICS	INGRAM MICRO CERTIFIED PREOWNED 1TB SATA 7200
ELECTRONICS	INGRAM MICRO CERTIFIED PREOWNED HARD DRIVE GST ULTRASTAR A7K2000
ELECTRONICS	REFURB 600GB SAS 15000 RPM 3.5IN
ELECTRONICS	CX3-80 STORAGE PROCESSOR
ELECTRONICS	CX4-240 CPU MODULE TLA DOES NOT CONTAIN
ELECTRONICS	CX4-960 CPU MODULE WILDCAT-S DUAL
ELECTRONICS	DELL 17IN 1707FP REFURB LCD DELLINGRAMCERTIFIEDPREOWNED
ELECTRONICS	DELL 1708FP 17IN REFURB LCD DELLINGRAMCERTIFIEDPREOWNED
ELECTRONICS	DELL 1905FP 19IN REFURB LCD INGRAMCPO
ELECTRONICS	DELL 1907FP 19IN REFURB LCD INGRAMCPO
ELECTRONICS	DELL 1908FP 19IN REFURB LCD INGRAMCPO
ELECTRONICS	DELL 1909W 19IN REFURB LCD INGRAMCPO
ELECTRONICS	REFURB SPECIAL ORDER
ELECTRONICS	500GB SATA 7.2K RPM 3.5IN
ELECTRONICS	ISCSI I/O MODULE FOR CX3-10C
ELECTRONICS	POLYCOM SOUNDPOINT IP 321 VOIP PHONE
ELECTRONICS	POLYCOM SOUNDPOINT IP 331 VOIP PHONE
ELECTRONICS	POLYCOM SOUNDPOINT IP 335 VOIP PHONE
ELECTRONICS	POLYCOM SOUNDPOINT IP 450 VOIP PHONE
ELECTRONICS	POLYCOM SOUNDPOINT IP 550 VOIP PHONE
ELECTRONICS	POLYCOM SOUNDPOINT IP 560 VOIP PHONE
ELECTRONICS	POLYCOM SOUNDPOINT IP 650 VOIP PHONE
ELECTRONICS	POLYCOM SOUNDPOINT IP BACKLIT EXPANSION MODULE
ELECTRONICS	POLYCOM SOUNDSTATION IP 6000 POE
ELECTRONICS	POLYCOM CX600 IP VOIP PHONE
ELECTRONICS	POLYCOM SOUNDSTATION2 NON EXPANDABLE CONFERENCE PHONE
ELECTRONICS	POLYCOM SOUNDSTATION2 EX CONFERENCE PHONE
ELECTRONICS	POLYCOM VOICESTATION 300 CONFERENCE PHONE
ELECTRONICS	POLYCOM VVX 1500 IP VIDEO PHONE
ELECTRONICS	POLYCOM SOUNDSTATION DUO CONFERENCE VOIP PHONE
ELECTRONICS	POLYCOM SOUNDSTATION IP 5000 POE
ELECTRONICS	POLYCOM CX700 IP VOIP PHONE
ELECTRONICS	POLYCOM CX300 R2 USB DISPLAY PHONE
ELECTRONICS	POLYCOM SOUNDSTATION IP 7000 POE
ELECTRONICS	POLYCOM CX500 IP VOIP PHONE
ELECTRONICS	POLYCOM VVX 500 VOIP PHONE
ELECTRONICS	POLYCOM VVX 600 VOIP PHONE
ELECTRONICS	POLYCOM VVX 300 VOIP PHONE
ELECTRONICS	POLYCOM VVX 400 VOIP PHONE
ELECTRONICS	POLYCOM VVX 310 VOIP PHONE
ELECTRONICS	POLYCOM VVX 410 VOIP PHONE
ELECTRONICS	POLYCOM VVX EXPANSION MODULE
ELECTRONICS	INGRAM CERTIFIED PRE-OWNED ADAPTEC 5Z 5405Z 4PORT SAS RAID
ELECTRONICS	INGRAM CERTIFIED PRE-OWNED HP SLIMLINE DVD DRIVE
ELECTRONICS	REFURB 900GB 10K RPM 6GB/S
ELECTRONICS	2YR EXTD WARR 3YR OF TOTAL COVERAGE
ELECTRONICS	2YR EXTENDED WARRANTY CPO INGRAMCERTIFIEDPREOWNEDWARRANTY
ELECTRONICS	DELL OPTIPLEX 3010 DT 3RD GEN I3 3.3G 4GB 250GB DVD W10P
ELECTRONICS	DELL OPTIPLEX 3010 DT 3RD GEN I5 3.2GHZ 4GB RAM 250GB DVD 10PRO
ELECTRONICS	DELL OPTIPLEX 3010 SF 3RD GEN I3 3.3GHZ 4GB RAM 250GB DVD 10PRO
ELECTRONICS	DELL OPTIPLEX 3010 SF 3RD GEN I5-3.2GHZ-4GB RAM-250GB-DVD-10PRO
ELECTRONICS	PSY ASSY IO 10 GBE ISCSI 2-PORT IO
ELECTRONICS	REFURB E-PORT PLUS PORT REPLICATOR WITH USB 3.0
ELECTRONICS	INGRAM CERTIFIED PRE-OWNED HP SLIMLINE CD-RW DVD
ELECTRONICS	REFURB KVM ADAPTER
ELECTRONICS	INGRAM CERTIFIED PRE-OWNED DELL 300GB SAS 10K 3.5
ELECTRONICS	INGRAM CERTIFIED PRE-OWNED DELL 500GB SATA 7.2K
ELECTRONICS	REFURB 300GB 15000 RPM 3.5IN SAS
ELECTRONICS	INGRAM CERTIFIED PRE-OWNED CHEETAH SCSI-SAS 600GB 10K DRIVE
ELECTRONICS	INGRAM CERTIFIED PRE-OWNED HP 146.8GB 15000 U320 HOT PLUG
ELECTRONICS	INGRAM CERTIFIED PRE-OWNED HP 300GB 10000 U320 HOT PLUG
ELECTRONICS	INGRAM CERTIFIED PRE-OWNED SATA/SASHDD3.5INTRAYLFF
ELECTRONICS	INGRAM MICRO CERTIFIED PREOWNED HOST BUS ADAPTER STK PCI-E ENT
ELECTRONICS	INGRAM CERTIFIED PRE-OWNED HP 36GB 10000 SP SFF SAS HDD
ELECTRONICS	INGRAM CERTIFIED PRE-OWNED HP 72GB 10000 SP SFF SAS HDD
ELECTRONICS	INGRAM CERTIFIED PRE-OWNED 1000WRPSDL380ML350370G5POWERSUPPLY
ELECTRONICS	INGRAM CERTIFIED PRE-OWNED HP SMART ARRAY P800 / 512MB BBW
ELECTRONICS	INGRAM CERTIFIED PRE-OWNED HP 72GB 10000 DP SFF SAS HDD
ELECTRONICS	INGRAM CERTIFIED PRE-OWNED HP 72GB SAS 15000 DP LFF HDD
ELECTRONICS	INGRAM CERTIFIED PRE-OWNED HP 2GB 2X1GB 2RX8 PC2-5300F
ELECTRONICS	INGRAM CERTIFIED PRE-OWNED HP 4GB 2X2GB 2RX4 PC2-5300F
ELECTRONICS	INGRAM CERTIFIED PRE-OWNED HP 8GB 2X4GB 2RX4 PC2-5300F
ELECTRONICS	REFURB SMART ARRAY CACHE BATTERY
ELECTRONICS	INGRAM CERTIFIED PRE-OWNED HP 700W POWER SUPPLY FOR DL360
ELECTRONICS	INGRAM CERTIFIED PRE-OWNED PWR SUPPLY HOT PLUG REDUNDANT DL380
ELECTRONICS	REFURB PRO/1000 PT 2P SVR ADAPT 5767
ELECTRONICS	PRO/1000 QUAD PRT PCIE NIC CARD
ELECTRONICS	POWER SUPPLY 1440W REDUNDANT
ELECTRONICS	POWER SUPPLY 1440W REDUNDANT
ELECTRONICS	POWER SUPPLY 495W REDUNDANT
ELECTRONICS	3YR EXTENDED WARRANTY INGRAMCPOWARRANTY
ELECTRONICS	INGRAM CERTIFIED PRE-OWNED HP 4GB 2P MEZZANINE ADAPTER
ELECTRONICS	INGRAM CERTIFIED PRE-OWNED HP SMART ARRAY P400/256MB CONTR
ELECTRONICS	INGRAM CERTIFIED PRE-OWNED HP SMART ARRAY P400 / 512MB BBW
ELECTRONICS	INGRAM CERTIFIED PRE-OWNED HP 4GB 2X2GB 2RX4 PC2-5300P
ELECTRONICS	INGRAM CERTIFIED PRE-OWNED HP 300GB 15K U320 HOT
ELECTRONICS	HP NC360T PCI EXPRESS DUAL PORT GIGABIT SVR ADAPTER
ELECTRONICS	INGRAM CERTIFIED PRE-OWNED 16GB 2X8GB DDR2 SDRAM PC2-53
ELECTRONICS	INGRAM CERTIFIED PRE-OWNED HP 300GB 15K DP LFF SAS HDD
ELECTRONICS	146GB 2.5IN INTERNAL HDD-SAS 10000 RPM HOT SWAPPABLE
ELECTRONICS	INGRAM CERTIFIED PRE-OWNED HP 72GB 15K DP SFF SAS HDD
ELECTRONICS	INGRAM CERTIFIED PRE-OWNED 72GB SAS DP 15K SFF 2.5IN
ELECTRONICS	INGRAM CERTIFIED PRE-OWNED 146GB SAS 3GB/S DP 10K RPM SFF
ELECTRONICS	8GB DDR2 2X4GB SDRAM PC2-5300
ELECTRONICS	146GB SAS 10000 RPM 2.5IN INT HOT SWAPPABLE HD
ELECTRONICS	INGRAM CERTIFIED PRE-OWNED 146GB 10K 6GBPS SFF SAS 2.5IN
ELECTRONICS	42D0678 146GB HD SAS 15000RPM 2.5IN INT HOT SWAPPABLE
ELECTRONICS	430-3113 PR03X PORT REPLICATOR 5XUSB PORTS NETWORK
ELECTRONICS	430-3114 PR02X E-PORT E/PORT PLUS II USB 3.0 PORT REPLICATOR
ELECTRONICS	BROADCOM5720 PCI EXP X2 RJ-45
ELECTRONICS	INGRAM CERTIFIED PRE-OWNED HP 72GB 15K SP SFF SAS
ELECTRONICS	INGRAM CERTIFIED PRE-OWNED HP 300GB 15K SP LFF SAS
ELECTRONICS	INGRAM CERTIFIED PRE-OWNED HP 146GB SAS 10K SP SFF HDD
ELECTRONICS	INGRAM CERTIFIED PRE-OWNED 146GBSAS3GSP10KHPSFF
ELECTRONICS	INGRAM CERTIFIED PRE-OWNED LENOVO THINKPAD PORT REPLICATOR
ELECTRONICS	INGRAM CERTIFIED PRE-OWNED LENOVO 433710U THINKPAD MINI DOCK
ELECTRONICS	INGRAM CERTIFIED PRE-OWNED LENOVO MINI DOCK WITH USB 3.0 90W
ELECTRONICS	THINKPAD MINIDOCKSERIES 3-6XUSB NETWORK RJ-45 ESATA MICROPHONE
ELECTRONICS	16GB DDR2 2X8GBSDRAM PC2-5300
ELECTRONICS	4GB DDR3 SDRAM MEMORY 1333MHZ DDR3-1333/PC3-10600 3YR WARR
ELECTRONICS	4GB DDR3 SDRAM MEMORY MODULE 4GB 1333MHZ DDR3-1333 3YR WARR
ELECTRONICS	INGRAM CERTIFIED PRE-OWNED HP 1TB 3G 7.2K 3.5IN SATA HARDDRIVE
ELECTRONICS	INGRAM CERTIFIED PRE-OWNED HP 750GB 7200 3G MDL LFF SATA H
ELECTRONICS	146GB SAS 3GB/S 10K RPM
ELECTRONICS	REFURB 128GB 3G 7MM 2.5IN SSD HARD DRIVE
ELECTRONICS	REFURB 128GB 3G 7MM 2.5IN SSD HARD DRIVE
ELECTRONICS	REFURB 128GB SATA SSD II 2.5IN
ELECTRONICS	REFURB 128GB 3G 7MM 2.5IN SSD HARD DRIVE
ELECTRONICS	REFURB 128GB SSD SATA 3G 2.5IN 7MM
ELECTRONICS	REFURB 2TB 7.2K SAS 6GB 3.5IN 99Y1167
ELECTRONICS	INGRAM CERTIFIED PRE-OWNED HP 1TB 7.2K DP LFF SAS HDD
ELECTRONICS	REFURB 1TB 7.2K 3G 3.5ININ SAS HD
ELECTRONICS	REFURB CONTROLLER BATTERY 650MAH-4.8VD
ELECTRONICS	INGRAM CERTIFIED PRE-OWNED HP 8GB 2X4GB 2RX4 PC2L-5300F
ELECTRONICS	4GB DDR3 1X4GB SDRAM-240PIN
ELECTRONICS	8GB DDR3 PC3-10600 SDRAM
ELECTRONICS	INGRAM CERTIFIED PRE-OWNED HP POWER SUPPLY FOR MSA2000
ELECTRONICS	INGRAM CERTIFIED PRE-OWNED HP 4GB 2X2GB 1RX4 PC2-5300P
ELECTRONICS	INGRAM CERTIFIED PRE-OWNED HP DL380 G6 XEON E5520 2.26 GH
ELECTRONICS	INGRAM CERTIFIED PRE-OWNED HP 300GB 10000 DP SFF SAS HDD
ELECTRONICS	INGRAM CERTIFIED PRE-OWNED 300GB SAS 10K 2.5IN
ELECTRONICS	INGRAM CERTIFIED PRE-OWNED HP 64GB 8X8GB 2RX4 PC2-5300F
ELECTRONICS	INGRAM CERTIFIED PRE-OWNED HP 8GB 2X4GB 2RX4 PC2-6400P
ELECTRONICS	8GB DDR3 SDRAM MEMORY MODULE 8 GB 1X8GB DDR3 SDRAM 1333 3YR WARR
ELECTRONICS	POWER SUPPLY 1975W REDUNDANT
ELECTRONICS	INGRAM CERTIFIED PRE-OWNED HP DL380 G6 XEON 2.93 GHZ 8 MB
ELECTRONICS	2GB DDR3 SDRAM MEMORY MODULE 1333MHZ DDR3-1333 3YR WARR
ELECTRONICS	4GB 1X4GB PC3-10600 1333 MHZ SDRAM DDR3 REG 3YR WARR
ELECTRONICS	REFURB 8GB DRX4 PC3-10600R
ELECTRONICS	INGRAM CERTIFIED PRE-OWNED 2GB2RX8PC3-10600
ELECTRONICS	4GB 1X4GB PC3-10600 1333 MHZ SDRAM DDR3 REG 3YR WARR
ELECTRONICS	INGRAM CERTIFIED PRE-OWNED 4GB 1X4GB DRX4 PC3-10600
ELECTRONICS	REFURB 8GB DRX4 PC3-10600R
ELECTRONICS	INGRAM CERTIFIED PRE-OWNED 8GB1X8GBECCREGDDR3PC310600
ELECTRONICS	INGRAM CERTIFIED PRE-OWNED HP 16GB 1X16GB 4RX4 PC3-8500
ELECTRONICS	INGRAM CERTIFIED PRE-OWNED 4GBDDR3PC3-10600R1333MHZ
ELECTRONICS	INGRAM CERTIFIED PRE-OWNED HP 146GB SAS 15000 DP SFF HDD
ELECTRONICS	INGRAM CERTIFIED PRE-OWNED 146GBSAS15K3GBS2.5IN
ELECTRONICS	146GB SAS 6GB/S 10K RPM 2.5IN
ELECTRONICS	300GB SAS HDD 10K 2.5IN
ELECTRONICS	146GB 2.5IN INTERNAL HDD-SAS 10000 RPM HOT SWAPPABLE
ELECTRONICS	REFURB 300GB 6G SAS 10K 2.5 DUAL PRT
ELECTRONICS	INGRAM CERTIFIED PRE-OWNED 146GBSAS10KRPM6GB/S2.5IN
ELECTRONICS	INGRAM CERTIFIED PRE-OWNED HP DL360 G6 XEON 2.93G 8MB
ELECTRONICS	INGRAM CERTIFIED PRE-OWNED HP DL360 G6 XEON PROCESSOR E550
ELECTRONICS	INGRAM CERTIFIED PRE-OWNED HP XEON E5540 PROC KIT FOR BL46
ELECTRONICS	INGRAM CERTIFIED PRE-OWNED HP XEON E5506 PROC KIT FOR BL46
ELECTRONICS	REFURB 1TB 6G SAS 7.2K LFF 3.5
ELECTRONICS	146GB SAS 3GB/S 15K RPM
ELECTRONICS	INGRAM CERTIFIED PRE-OWNED HP 72GB SAS 6G 15K SFF HDD
ELECTRONICS	INGRAM CERTIFIED PRE-OWNED 146GBSAS6GB/SRPMSFF2.5IN
ELECTRONICS	HP 300GB SAS 6GB/S 15K RPM LFF
ELECTRONICS	146 GB 2.5IN SAS 10000
ELECTRONICS	INGRAM CERTIFIED PRE-OWNED HP SLIMLINE SATA DVD DRIVE
ELECTRONICS	INGRAM CERTIFIED PRE-OWNED HP SLIMLINE SATA DVD RW DRIVE
ELECTRONICS	DELL LATI E5420 2ND GEN I3 4GBRAM 250GBHD DVD 7PRO
ELECTRONICS	DELL LATI E5420 2ND GEN I5 4GBRAM 250GBHD DVD 7PRO
ELECTRONICS	DELL LATI E5430 3RD GEN I5 8GBRAM 250GBHD DVD 7PRO
ELECTRONICS	INGRAM CERTIFIED PRE-OWNED HP 250GB 7200 3G LFF SATA HDD
ELECTRONICS	REFURB 120GB MIDLINE SSD SATA 2.5IN 3G
ELECTRONICS	REFURB 600GB 10K RPM SAS 2.5
ELECTRONICS	INGRAM CERTIFIED PRE-OWNED HP DL380 G7 XEON E5620 2.40 GH
ELECTRONICS	INGRAM CERTIFIED PRE-OWNED HP DL380 G7 XEON PROCESSOR E562
ELECTRONICS	INGRAM CERTIFIED PRE-OWNED HP XEON E5630 2.53G 12MB 80W
ELECTRONICS	INGRAM CERTIFIED PRE-OWNED HP DL380 G7 XEON X5660 2.8G
ELECTRONICS	INGRAM CERTIFIED PRE-OWNED HP DL380 G7 XEON PROCESSOR
ELECTRONICS	INGRAM CERTIFIED PRE-OWNED HP DL380 G7 XEON L5630 2.13G
ELECTRONICS	INGRAM CERTIFIED PRE-OWNED HP DL360 G7 XEON PROCESSOR E562
ELECTRONICS	INGRAM CERTIFIED PRE-OWNED HP DL360 G7 XEON L5640 2.26G
ELECTRONICS	INGRAM CERTIFIED PRE-OWNED HP DL160 G6 XEON PROCESSOR E562
ELECTRONICS	INGRAM CERTIFIED PRE-OWNED HP DL160 G6 XEON PROCESSOR E562
ELECTRONICS	INGRAM CERTIFIED PRE-OWNED HP SPS-PWR SUPPLELY 595W FOR MS
ELECTRONICS	INGRAM CERTIFIED PRE-OWNED HP 16GB 1X16GB 4RX4 PC3-8500R
ELECTRONICS	REFURB 600GB SAS 10K RPM HARD DRIVE
ELECTRONICS	INGRAM CERTIFIED PRE-OWNED HP BL460C G7 XEON PROCESSOR L56
ELECTRONICS	INGRAM CERTIFIED PRE-OWNED HP BL460C G7 XEON X5650 2.66G
ELECTRONICS	INGRAM CERTIFIED PRE-OWNED HP XEON E5506 PROC KIT FOR BL46
ELECTRONICS	REFURB MICRON 128GB SSD 2.5 3.0GBPS MTFDBAK128MAG-1G1
ELECTRONICS	KIT 6200 SFF I3-3.1G-4GB-7PRO NEW V7 22IN LED KEYB/MSE PKG
ELECTRONICS	KIT 6200 PRO SFF-I3 3.3GHZ-4GB- 7PRO NEW V7 22IN LED KEYB/MSE PKG
ELECTRONICS	KIT 6200 SFF-I5-3.1G-4GB-7PRO NEW V7 22IN LED KEYB/MSE PKG
ELECTRONICS	DELL LATI E6230 3RD GEN I5 8GBRAM 250GBHD DVD 7PRO
ELECTRONICS	REFURB 16GB 1X16GB DUAL RANK
ELECTRONICS	REFURB SAMSUNG 128GB SSD 2.5 3.0GPS MZ-7PA1280/0H1
ELECTRONICS	KIT 6300 PRO SFF-I3-3.3-4GB- 7PRO NEW V7 22IN LED KEYB/MSE PKG
ELECTRONICS	KIT 6300 SFF-I5-3.2G-4GB-10PRO NEW V7 22IN LED KEYB/MSE PKG
ELECTRONICS	DELL LATI E6320 2ND GEN I7 8GBRAM 250GBHD DVD 7PRO
ELECTRONICS	DELL LATI E6330 3RD GEN I5 4GBRAM 250GBHD DVD 7PRO
ELECTRONICS	INGRAM CERTIFIED PRE-OWNED HP DL380 G7 XEON PROCESSOR E564
ELECTRONICS	INGRAM CERTIFIED PRE-OWNED HP DL360 G7 XEON E5645 2.40 GH
ELECTRONICS	INGRAM CERTIFIED PRE-OWNED HP DL160 G6 XEON PROCESSOR E564
ELECTRONICS	INGRAM CERTIFIED PRE-OWNED HP XEON X5690 3.46G 12MB 130
ELECTRONICS	DELL LATITUDE E6420 2ND GEN I5 2.5G 4GB 250GB DVRW NO OS
ELECTRONICS	DELL LATI E6420 2ND GEN I5 4GBRAM 250GBHD DVD 7PRO
ELECTRONICS	DELL LATI E6420 2ND GEN I5 4GBRAM 500GBHD DVD 7PRO
ELECTRONICS	DELL LATITUDE E6430 2ND GEN I5-2.5GHZ-8GB-128GB SSD-DVD-10PRO
ELECTRONICS	DELL LATI E6420 2ND GEN I5 8GBRAM 128GBSSD DVD 7PRO
ELECTRONICS	DELL LATI E6420 2ND GEN I7 4GBRAM 250GBHD DVD 7PRO
ELECTRONICS	DELL LATITUDE E6430 2ND GEN I7 2.7GHZ 8GB 250GB DVD 10PRO
ELECTRONICS	DELL LATITUDE E6430 3RD GEN I5 NO OPERATING SYSTEM INSTALLED
ELECTRONICS	DELL LATITUDE E6430 3RD GEN I5 2.6G 4GB 250GB DVD W10P
ELECTRONICS	DELL LATI E6430 3RD GEN I5 4GBRAM 250GBHD DVD 7PRO
ELECTRONICS	DELL LATI E6430 3RD GEN I5 4GBRAM 320GBHD DVD 7PRO
ELECTRONICS	DELL LATITUDE E6430 3RD GEN I5 2.6 GHZ 8GB 256GB SSD DVD 10PRO
ELECTRONICS	DELL LATI E6430 3RD GEN I5 8GBRAM 320GBHD DVD 7PRO
ELECTRONICS	DELL LATI E6430 3RD GEN I7 8GBRAM 320GBHD DVD 7PRO
ELECTRONICS	DELL LATITUDE E6430S 14IN LED 3RD GEN I5 26 4GB 128GB HDMI W7P
ELECTRONICS	REFURB MICRON HP 128GB 6GB/S SSD 2.5 MTFDDAK128MAM PN 690229-001
ELECTRONICS	160GB 3GBPS SSD SATA SSDSA2BW160G3H
ELECTRONICS	REFURB 450GB SAS 6GBPS 15K LFF SC HDD
ELECTRONICS	600GB SAS 6GB/S 15K RPM LFF
ELECTRONICS	2.5IN SAS DRIVE ENCLOSURE
ELECTRONICS	REFURB SAMSUNG 128GB 6GB/S SSD 2.5 MZ-7PC1280/0H1
ELECTRONICS	180GB 2.5IN SATA SSD HDD SSDSC2BW180A3H
ELECTRONICS	INGRAM CERTIFIED PRE-OWNED 1.20TBSAS6GB/S10KRPM2.5INHDD
ELECTRONICS	REFURB 1.2TB 10K 6G SFF SAS SC HDD
ELECTRONICS	500GB SATA 7.2K RPM 16MB 3.5IN
ELECTRONICS	DELL OPTIPLEX 7010 DT 3RD GEN I5-3.2GHZ-8GB RAM-250GB-DVD-10PRO
ELECTRONICS	DELL OPTIPLEX 7010 DT 3RD GEN I7 3.4GHZ 8GB RAM 250GB DVD 10PRO
ELECTRONICS	DELL OPTIPLEX 7010 3RD GEN I5 NO OPERATING SYSTEM INSTALLED
ELECTRONICS	KIT OPTIPLEX 7010 MT-I5 3470- 10PRO NEW V7 22IN LED KEYB/MSE PKG
ELECTRONICS	KIT 7010 SF-I5-3.2GHZ-8GB-SSD- 7PRO NEW V7 22IN LED KEYB/MSE PKG
ELECTRONICS	DELL OPTIPLEX 7010 SFF 3RD GEN I5 3.2G 8GB 250GB DVD W10P
ELECTRONICS	DELL OPTIPLEX 7010 SFF 8GB 500GB NO OS
ELECTRONICS	DELL OPTIPLEX 7010 SFF I7 3.4GHZ I7 3770 16GB -250GB DVD NOS
ELECTRONICS	DELL OPTIPLEX 7010 SF 3RD GEN I7-3.4GHZ-8GB RAM-250GB-DVD-10PRO
ELECTRONICS	SAMSUNG 740BX 17IN REFURB LCD SAMSUNGINGRAMCERTIFIEDPREOWNED
ELECTRONICS	SAMSUNG 740BX 17IN REFURB LCD INGRAMCPO
ELECTRONICS	DELL OPTIPLEX 780 CORE 2 DUO 3G 160GB HD 4GB NO OS
ELECTRONICS	DELL OPTIPLEX 790 DT 2ND GEN I5 3.1G 4GB 250GB DVD W10P
ELECTRONICS	DELL OPTI 790D 2ND GEN I5 4GBRAM 250GBHD DVD NOOS
ELECTRONICS	DELL OPTI 790 2ND GEN I7 4GBRAM 250GBHD DVD NOOS
ELECTRONICS	DELL OPTIPLEX 790 SF 2ND GEN I5 3.1GHZ 4GB RAM 250GB DVD 10PRO
ELECTRONICS	IM CERT PRE-OWNED MICROSOFT SURFACE 3 10.8IN 4GB RAM 128GB
ELECTRONICS	POWER SUPPLY 870W REDUNDANT
ELECTRONICS	KIT 8100 SFF-I5 3.3GHZ-4GB-7PRO NEW V7 22IN LED KEYB/MSE PKG
ELECTRONICS	HP 8200 ELITE DT 2ND GEN I5 3.1GHZ 4GB RAM 250GB DVD 10PRO
ELECTRONICS	HP 8200 ELITE 2ND GEN I5 3.1GHZ 4GBRAM 250GBHD DVD 7PRO
ELECTRONICS	HP 8200 ELITE 2ND GEN I5 NO OPERATING SYSTEM INSTALLED
ELECTRONICS	KIT 8200 ELITE MT-I5-2.5-8GB- 7PRO NEW V7 22IN LED KEYB/MSE PKG
ELECTRONICS	KIT 8200 SFF-I5 3.1GHZ-8GB-7PRO NEW V7 22IN LED KEYB/MSE PKG
ELECTRONICS	HP 8200 ELITE SF 2ND GEN I5-3.1GHZ-4GB RAM-250GB-DVD-10PRO
ELECTRONICS	HP 8300 ELITE DT 3RD GEN I5 3.2G 8GB 500GB DVD W10P
ELECTRONICS	HP 8300 ELITE DT 3RD GEN I7-3.4GHZ-8GB RAM-500GB-DVD-10PRO
ELECTRONICS	HP 8300 ELITE SF 3RD GEN I5 3.2GHZ 8GB RAM 500GB DVD 10PRO
ELECTRONICS	HP 8300 ELITE SFF 3RD GEN I7 3.4G 8GB 500GB DVD W10P
ELECTRONICS	KIT 8300 ELITE USDT-I5-4GB-7PRO NEW V7 22IN LED KEYB/MSE PKG
ELECTRONICS	HP ELITEBOOK 8460P 2ND GEN I5 4GB 320GB NO OPERATING SYSTEM
ELECTRONICS	HP ELITEBOOK 8460P 2ND GEN I5 4GBRAM 320GBHD DVD7PRO
ELECTRONICS	HP ELITEBOOK 8460P 2ND GEN I5 4GBRAM 500GBHD DVD 7PRO
ELECTRONICS	HP ELITEBOOK 8460P 2ND GEN I5-2.5GHZ-8GB-128GB SSD-DVD-10PRO
ELECTRONICS	HP ELITEBOOK 2ND GEN I5 2.5GHZ 8GB MEM 128GB SSD W7P
ELECTRONICS	HP ELITEBOOK 8470P 14IN LED 3RD GEN I5 2.5 4GB 320GB CAM W7P
ELECTRONICS	HP ELITEBOOK 8470P 3RD GEN I5 2.6G 8GB 256GB SSD DVD W10P
ELECTRONICS	500GB SATA 7.2K RPM 3.5IN
ELECTRONICS	DELL OPTIPLEX 9010 DT 3RD GEN I5 3.2G 8GB 500GB DVD W10P
ELECTRONICS	DELL OPTIPLEX 9010 DT 3RD GEN I7-3.4GHZ-8GB RAM-500GB-DVD-10PRO
ELECTRONICS	DELL OPTIPLEX 9010 SF 3RD GEN I5 3.2GHZ 8GB RAM 500GB DVD 10PRO
ELECTRONICS	DELL OPTIPLEX 9010 SFF 3RD GEN I7 3.4G 8GB 500GB DVD W10P
ELECTRONICS	KIT 9020 MT-I5 4570 3.2GHZ- 10PRO NEW V7 22IN LED KEYB/MSE PKG
ELECTRONICS	SAMSUNG 943BT 19IN REFURB LCD SAMSUNGINGRAMCERTIFIEDPREOWNED
ELECTRONICS	DELL OPTI 990D 2ND GEN I5 4GBRAM 250GBHD DVD 7PRO
ELECTRONICS	DELL OPTIPLEX 990 DT 2ND GEN I5 3.1GHZ-4GB RAM-250GB-DVD-10PRO
ELECTRONICS	OPTIPLEX 990 SFF 2ND GEN I5 3.1GHZ-4GB RAM-250GB-DVD-NO OS
ELECTRONICS	DELL OPTIPLEX 990 SFF 2ND GEN I5 3.1G 4GB 250GB DVD W10P
ELECTRONICS	DELL OPTI 990S 2ND GEN I5 4GBRAM 250GBHD DVD 7PRO
ELECTRONICS	DELL OPTIPLEX 990 SMALL FORM I5 DELL INGRAM CERTIFIED PRE-OWNED
ELECTRONICS	1TB SAS 7200 RPM 64MB HDD 2.5IN
ELECTRONICS	SNPYG410C/2G 2GB 240-PIN DDR2 SDRAM UNBUFFERED DDR2 3YR WARR
ELECTRONICS	SNP9F035CK2/8G 8GB 2X4GB DDR2 SDRAM 667 MHZ 3YR WARR
ELECTRONICS	REFURB 4GB PC3-10600 DDR3 SDRAM
ELECTRONICS	REFURB INTEL SFP+ SR SFP
ELECTRONICS	INGRAM CERTIFIED PRE-OWNED HP 450GB FC 2/4GB 15K RPM M6412
ELECTRONICS	INGRAM CERTIFIED PRE-OWNED UNITY EXPRESS AIM PRICE
ELECTRONICS	INGRAM CERTIFIED PRE-OWNED FIXED AUTO AP INT ANT A REG DOMAIN
ELECTRONICS	INGRAM CERTIFIED PRE-OWNED 802.11A/G NON-MODULAR IOS
ELECTRONICS	AIRONET 1242G WL ACCESS POINT
ELECTRONICS	AIRONET 1131AG WL ACCESS POINT
ELECTRONICS	INGRAM CERTIFIED PRE-OWNED CISCO 11AGN FIXED UNIFIED AP
ELECTRONICS	INGRAM CERTIFIED PRE-OWNED 802.11AG LWAPP AP DUAL 2.4 5GHZ RP
ELECTRONICS	INGRAM CERTIFIED PRE-OWNED REFURB AIRONET 1300 PWR INJECTR LR2
ELECTRONICS	INGRAM CERTIFIED PRE-OWNED HP 300GB 15K DP LFF SAS HDD MSA2
ELECTRONICS	INGRAM CERTIFIED PRE-OWNED HP CONTROLLER FOR MSA2012I MSA2
ELECTRONICS	INGRAM CERTIFIED PRE-OWNED HP 600GB FC 2/4GB 10K RPM M6412
ELECTRONICS	INGRAM CERTIFIED PRE-OWNED ASA 5510 APPLIANCE W/ SW 5FE 3DES/A
ELECTRONICS	REFURB INTEL XEON E5620 QC FCLGA1366 2.4G 12MB
ELECTRONICS	FLEXSTACK STACKING MODULE
ELECTRONICS	INGRAM CERTIFIED PRE-OWNED REFURB CAT 3K-X 1100W AC POWER
ELECTRONICS	500GB SATA 7.2K RPM 3.5IN
ELECTRONICS	HP M4345 WITH TONER CARTRIDGE
ELECTRONICS	HP M4345X WITH TONER CARTRIDGE
ELECTRONICS	HP M4345XS WITH TONER CARTRIDGE
ELECTRONICS	HP M4345XM WITH TONER CARTRIDGE
ELECTRONICS	HP CP3505DN WITH TONER
ELECTRONICS	HP CP3505X WITHTONER CARTRIDGE
ELECTRONICS	REFURB HP P4015N WITH TONER CARTRIDGE
ELECTRONICS	HP P4015TN WITH TONER CARTRIDGE
ELECTRONICS	HP P4015X WITH TONER CARTRIDGE
ELECTRONICS	HP P4015DN WITH TONER CARTRIDGE
ELECTRONICS	HP M9050 MFP WITH TONER
ELECTRONICS	HP CM4540FSKM WITH TONER
ELECTRONICS	HP CP3525DN WITH TONER
ELECTRONICS	HP CP3525X WITH TONER CARTRIDGE
ELECTRONICS	HP M3035XS WITH TONER CARTRIDGE
ELECTRONICS	HP CP4525DN WITH TONER
ELECTRONICS	HP CP4525XH WITH TONER
ELECTRONICS	HP CM3530FS WITH TONER
ELECTRONICS	REFURB HP P2055DN WITH TONER CARTRIDGE
ELECTRONICS	HP P2055X WITH TONER CARTRIDGE
ELECTRONICS	REFURB HP P3015DN WITH TONER CARTRIDGE
ELECTRONICS	HP P3015X WITH TONER CARTRIDGE
ELECTRONICS	INGRAM CERTIFIED PRE-OWNED DUAL ETHERNET SEC RTR
ELECTRONICS	INGRAM CERTIFIED PRE-OWNED 1921 INTEGRATED SVC ROUTER
ELECTRONICS	INGRAM CERTIFIED PRE-OWNED ROUTER 2651 DUAL 10/100 ETHERNET/IO
ELECTRONICS	CISCO 2811 INTEGRATED SVCS RTR 1XNME 2XPVDM 2X10/100BASETX LAN
ELECTRONICS	INGRAM CERTIFIED PRE-OWNED 2811 W/DC PWR 2FE 4HWICS
ELECTRONICS	INGRAM CERTIFIED PRE-OWNED 2811 W/ AC PWR 2FE 4HWICS
ELECTRONICS	CISCO 3845 INTEGRATED SVCS ROUTER 2PORT 15SLOTS GBE 3U RM
ELECTRONICS	INGRAM CERTIFIED PRE-OWNED CISCO 881 SECURITY ROUTER
ELECTRONICS	CISCO CIUS MOBILE COLLABORATION ENDPOINT
ELECTRONICS	DIGITAL SIGNAGE CONTENT CREATION BY THE HOUR
ELECTRONICS	CISCO 6921 IP PHONE
ELECTRONICS	IM CERTIFIED PRE-OWNED CISCO UC IP PHONE 6941 CHARCOAL
ELECTRONICS	CISCO IP PHONE 6945 CHARCOAL CERT REFURB
ELECTRONICS	CP-7906G UNIFIED IP PHONE
ELECTRONICS	CISCO 7911G IP PHONE
ELECTRONICS	INGRAM CERTIFIED PRE-OWNED CISCO 7911G IP PHONE
ELECTRONICS	INGRAM CERTIFIED PRE-OWNED CISCO 7912G IP PHONE
ELECTRONICS	CISCO 7914 IP PHONE
ELECTRONICS	CISCO 7915 IP PHONE
ELECTRONICS	CISCO 7921G UNIFIED WL IP PHONE
ELECTRONICS	CISCO UNIFIED WRLS 7925G VOIP PHONE
ELECTRONICS	CISCO 7931G IP PHONE
ELECTRONICS	CISCO 7936 MICROPHONE KIT
ELECTRONICS	REFURB UNIFIED 7936 IP CONF STATION CABLE DT GRAY 1XLINE VOIP
ELECTRONICS	CISCO 7937G IP PHONE
ELECTRONICS	CISCO 7937 MICROPHONE KIT
ELECTRONICS	CISCO 7940G IP PHONE
ELECTRONICS	CISCO 7940 IP PHONE NON G
ELECTRONICS	CISCO 7941G-GE IP PHONE
ELECTRONICS	CISCO 7941G IP PHONE
ELECTRONICS	CISCO 7942G IP PHONE
ELECTRONICS	CISCO 7960G IP PHONE
ELECTRONICS	CISCO 7960 IP PHONE NON G
ELECTRONICS	CISCO 7961G-GE IP PHONE
ELECTRONICS	CISCO 7961G IP PHONE
ELECTRONICS	REFURB CISCO 7962G UNIFIED IP PHONE
ELECTRONICS	INGRAM CERTIFIED PRE-OWNED CISCO 7970G IP PHONE
ELECTRONICS	CISCO 7971G-GE IP PHONE
ELECTRONICS	CISCO 8941 IP PHONE STANDARD CERT REFURB
ELECTRONICS	CISCO 8945 IP PHONE STANDARD CERT REFURB
ELECTRONICS	CISCO UNIFIED 8961 IP PHONE
ELECTRONICS	CISCO UNIFIED 9951 VOIP PHONE CHARCOAL GRAY
ELECTRONICS	CISCO IP PHONE 9971 CHARCOAL CERT REFURB
ELECTRONICS	7921G BATTERY EXTENDLITHIUM ION
ELECTRONICS	7921G BATTERY LITHIUM ION
ELECTRONICS	7925G BATTERY EXTENDLITHIUM ION
ELECTRONICS	7925G BATTERY LITHIUM ION
ELECTRONICS	7925G BATTERY STANDARD
ELECTRONICS	CP-CAM-C= IP CAMERA FOR 9900 SERIES PHONE
ELECTRONICS	CISCO UNIFIED IP COLOR KEY EXPANSION MODULE
ELECTRONICS	CX4-240 FC/ISCSI COMBO WITH 8GB FC
ELECTRONICS	IM CERT PREOWNED DELL OPTIPLEX 390 SFF I5 3.1G 8GB 250GB DVD WI10P
ELECTRONICS	DELL E170S 17IN REFURB LCD INGRAMCPO
ELECTRONICS	DELL E173FP 17IN REFURB LCD INGRAMCPO
ELECTRONICS	DELL E178FP 17IN REFURB LCD DELLINGRAMCERTIFIEDPREOWNED
ELECTRONICS	DELL LATI E6420 2ND GEN I5 4GBRAM 250GBHD DVD 7PRO
ELECTRONICS	INGRAM CERT PREOWNED DELL E7440 ULTRABOOK I7 14IN 8GB 256GB W10P
ELECTRONICS	EPTW695UTIRFBA 3D PROJ 3500L INGRAM CERTIFIED PRE-OWNED
ELECTRONICS	INGRAM CERTIFIED PREOWNED 3000L EPTX665USTRFBA 3D PROJ
ELECTRONICS	INGRAM CERTIFIED PRE-OWNED HARD DRIVE 300GB 15K 3.5 SAS 6GBPS
ELECTRONICS	INGRAM MICRO CERTIFIED PREOWNED ARRAY FAS3240A WITH DUAL CONTROLLER
ELECTRONICS	450 GB 3.5IN SAS 15000 16 MB
ELECTRONICS	INGRAM MICRO CERTIFIED PREOWNED TRANSCEIVER 10GB/S 850NM SFP+
ELECTRONICS	INGRAM MICRO CERTIFIED PREOWNED TRANSCEIVER MODULE DUAL RATE 1G/10G
ELECTRONICS	INGRAM CERTIFIED PRE-OWNED HP 2GB 1X2GB 2RX8 PC3-10600E
ELECTRONICS	1TB SATA 3GBPS 7.2K RPM 3.5IN
ELECTRONICS	INGRAM CERTIFIED PRE-OWNED SFP LC CONNECTOR LX/LH TRANSCEIVER
ELECTRONICS	INGRAM CERTIFIED PRE-OWNED SFP LC CONNECTOR SX TRANSCEIVER
ELECTRONICS	INGRAM CERTIFIED PRE-OWNED REFURB GLC-T 1000BT SFP
ELECTRONICS	INGRAM CERTIFIED PRE-OWNED DELL DRIVE 73GB 15K 3.5IN SAS
ELECTRONICS	KIT SKU HP8200 SDT 500GB I5 4GB WIN10 NEW V7 22IN LED-KEYB/MSE-PKG
ELECTRONICS	HP L1965 19IN LCD DISPLAY 1280X1024 USB HUB DVI REFURB
ELECTRONICS	HP 19-2404 AIO 2 CORE 1.35G 4GB 1TB 19IN DVDRW WCAM WIN10
ELECTRONICS	SPECTRE X2 M3 900MHZ 4GB SSD 12IN WCAM W10 2IN1 TABLET
ELECTRONICS	IM CERT PRE-OWNED HP 15-AC128CA PENT N3700 1.6 15.6IN 8GB 1TB CAM
ELECTRONICS	PAVLION X2 M3 900MHZ 4GB SSD 10IN WCAM W10 DETACH LAPTOP
ELECTRONICS	PAVLION X2 M3 900MHZ 4GB SSD 10IN WCAM W10 DETACH LAPTOP
ELECTRONICS	HP 17 2.3GHZ CORE I3-6100U 8GB 1TB 17.3IN W10 TOUCHSCREEN BLUE
ELECTRONICS	HP 17 I3-6100U 2.3G 8GB 1TB 17.3IN W10 TOUCHSCREEN PURPLE
ELECTRONICS	PAVILION 17 AMD 3.3G QUADCORE 17LAP 16GB 1TB HD 17IN W10
ELECTRONICS	QUAD A4-6210 1.8GHZ 1TB HYBRID 6GB DDR3 17IN AMD W10H SILVER
ELECTRONICS	QUAD A4-6210 1.8GHZ 1TB HYBRID 6GB DDR3 17IN AMD W10H WHITE
ELECTRONICS	QUAD A4-6210 1.8GHZ 1TB HYBRID 6GB DDR3 17IN AMD W10H RED
ELECTRONICS	QUAD A4-6210 1.8GHZ 1TB HYBRID 6GB DDR3 17IN AMD W10H BLUE
ELECTRONICS	QUAD A4-6210 1.8GHZ 1TB HYBRID 6GB DDR3 17IN AMD W10H PURPLE
ELECTRONICS	QUAD A4-6210 1.8GHZ 1TB HYBRID 6GB DDR3 17IN AMD W10H
ELECTRONICS	QUAD A4-6210 1.8GHZ 1TB HYBRID 6GB DDR3 17IN AMD W10HSILVER
ELECTRONICS	QUAD A4-6210 1.8GHZ 1TB HYBRID 6GB DDR3 17IN AMD W10H WHITE
ELECTRONICS	QUAD A4-6210 1.8GHZ 1TB HYBRID 6GB DDR3 17IN AMD W10H RED
ELECTRONICS	QUAD A4-6210 1.8GHZ 1TB HYBRID 6GB DDR3 17IN AMD W10H BLUE
ELECTRONICS	QUAD A4-6210 1.8GHZ 1TB HYBRID 6GB DDR3 17IN AMD W10H
ELECTRONICS	QUAD A4-6210 1.8GHZ 1TB HYBRID 6GB DDR3 17IN AMD W10H
ELECTRONICS	HP PAV 17 AMD QUAD RADEON R6 12GB DDR3 1TB 17.3IN TOUCH LED
ELECTRONICS	PAVILION 15 I5 2.3G 6TH GEN 8GB DDR3 128GB SSD 15IN DVDRW W10
ELECTRONICS	INGRAM CERTIFIED PRE-OWNED HP PAV 17-G218CY GOLD
ELECTRONICS	INGRAM CERTIFIED PRE-OWNED HP PAV 17-G219CY GOLD
ELECTRONICS	1TB 8GB A10 2.4GHZ HP 15BA037CL INGRAM CERTIFIED PRE-OWNED
ELECTRONICS	INGRAM CPO 15.6IN HP 15-BA037CL AMD A10 2.4GHZ 8GB 1TB DVD LED BV
ELECTRONICS	INGRAM CERTIFIED PRE-OWNED HP 17-X023DS 10H 1.6GHZ 1TB 4GB
ELECTRONICS	IM CERT PREOWNED HP ZBOOK 17IN M-WORKST I7-8GB-256GB SSD-WIN10 PRO
ELECTRONICS	IM CERT PREOWNED HP ZBOOK 15IN M-WORKST I5-8GB-256GB SSD-WIN10 PRO
ELECTRONICS	INGRAM MICRO CERTIFIED PREOWNED HARD DRIVE 2 TB 7.2K RPM SATA 3.5IN
ELECTRONICS	INGRAM CERT PRE-OWNED HITACHI 300GB 15K RPM FIBRE CHANNEL DRIVE
ELECTRONICS	INGRAM MICRO CERTIFIED PREOWNED 3.5IN 300GB 15K SAS DRIVE
ELECTRONICS	INGRAM CERTIFIED PRE-OWNED 1PORT 10/100 ROUTED PORT
ELECTRONICS	CISCO 1-PORT SFP HIGH-SPEED WAN INTERFACE CARD HWIC 1XSFP
ELECTRONICS	IM CERT PREOWNED LENOVO T430 3RD GEN I5-2.5-4GB-320GB-DVD NOOS
ELECTRONICS	DELL 3010 DT 3RD GEN I5 3.4G 8GB 2TB DVRW W7P
ELECTRONICS	OPTIPLEX 3010 DT 3RD GEN I5 3.4G 8GB 2TB DVRW W10P
ELECTRONICS	OPTIPLEX 380 DT CORE2DUO 2.93G 2GB 160GB DVD W7HP
ELECTRONICS	DELL 380 DT CORE2DUO 2.93G 4GB 160GB DVD W7P
ELECTRONICS	DELL 380 DT CORE2DUO 2.93G 4GB 250GB DVCDRW W10P
ELECTRONICS	DELL 390 DT 2ND GEN I3 3.1G 4GB 250GB DVCDRW W7P
ELECTRONICS	DELL 390 DT 2ND GEN I5 3.1G 4GB 250GB DVRW W10P
ELECTRONICS	DELL 390 DT PENTIUM G630 2.7G 4GB 250GB DVD W7P
ELECTRONICS	DELL 390 DT PENTIUM G630 2.7G 4GB 250GB DVRW W10P
ELECTRONICS	DELL 7010 DT 3RD GEN I5 3.2G 4GB 250GB DVRW W10P
ELECTRONICS	DELL 7010 DT 3RD GEN I5 3.2G 4GB 1TB DVRW W7P
ELECTRONICS	DELL 7010 DT 3RD GEN I5 3.2G 4GB 1TB DVRW W10P
ELECTRONICS	DELL 7010 DT 3RD GEN I5 3.2G 16GB 2TB DVRW W7P
ELECTRONICS	DELL 7010 DT 3RD GEN I5 3.2G 16GB 2TB DVRW W10P
ELECTRONICS	DELL 755 DT CORE2DUO 2.66G 2GB 160GB DVRW W7HP
ELECTRONICS	DELL 755 DT CORE2DUO 2.93G 4GB 250GB DVRW W7P
ELECTRONICS	DELL 755 DT CORE2DUO 2.93G 4GB 250GB DVRW W10P
ELECTRONICS	DELL 755 DT CORE2DUO 2.93G 4GB 1TB DVRW W7P
ELECTRONICS	DELL 755 DT CORE2DUO 2.93G 4GB 1TB DVRW W10P
ELECTRONICS	DELL 755 DT CORE2QUAD 2.4G 4GB 250GB DVRW W7P
ELECTRONICS	DELL 755 DT CORE2QUAD 2.4G 4GB 250GB DVRW W10P
ELECTRONICS	DELL 755 DT CORE2QUAD 2.4G 4GB 1TB DVRW W7P
ELECTRONICS	DELL 755 DT CORE2QUAD 2.4G 4GB 1TB DVRW W10P
ELECTRONICS	DELL 760 DT CORE2DUO 3.0G 4GB 250GB DVRW W7P
ELECTRONICS	DELL 760 DT CORE2DUO 3.0G 4GB 250GB DVRW W10P
ELECTRONICS	DELL 760 DT CORE2DUO 3.0G 4GB 1TB DVRW W7P
ELECTRONICS	DELL 760 DT CORE2DUO 3.0G 4GB 1TB DVRW W10P
ELECTRONICS	DELL 760 DT CORE2DUO 3.16G 4GB 250GB DVRW W7P
ELECTRONICS	DELL 760 DT CORE2DUO 3.16G 4GB 250GB DVRW W10P
ELECTRONICS	DELL 780 DT CORE2DUO 3.0G 4GB 250GB DVRW W7P
ELECTRONICS	DELL 780 DT CORE2DUO 3.0G 4GB 250GB DVRW W10P
ELECTRONICS	DELL 780 DT CORE2QUAD 2.4G 8GB 2TB DVRW W7P
ELECTRONICS	DELL 780 DT CORE2QUAD 2.4G 8GB 2TB DVRW W10P
ELECTRONICS	DELL 790 DT 2ND GEN I3 3.1G 4GB 250GB DVD W7P
ELECTRONICS	DELL 790 DT 2ND GEN I5 3.1G 4GB 250GB DVRW W7P
ELECTRONICS	DELL 790 DT 2ND GEN I5 3.1G 4GB 250GB DVRW W10P
ELECTRONICS	DELL 790 DT 2ND GEN I5 3.1G 4GB 320GB DVCDRW W7P
ELECTRONICS	DELL 790 DT 2ND GEN I5 3.1G 4GB 1TB DVRW W7P
ELECTRONICS	DELL 790 DT 2ND GEN I5 3.1G 4GB 1TB DVRW W10P
ELECTRONICS	DELL 790 DT 2ND GEN I5 3.1G 16GB 2TB DVRW W10P
ELECTRONICS	DELL 790 DT 2ND GEN I7 2.8G 8GB 2TB DVRW W7P
ELECTRONICS	DELL 9010 DT 3RD GEN I5 3.2G 8GB 250GB DVRW W10P
ELECTRONICS	DELL 9010 DT 3RD GEN I5 3.2G 8GB 2TB DVRW W10P
ELECTRONICS	DELL 9010 DT 3RD GEN I5 3.2G 16GB 2TB DVRW W10P
ELECTRONICS	DELL 960 DT CORE2DUO 3.0G 4GB 250GB DVD W7P
ELECTRONICS	DELL 960 DT CORE2DUO 3.0G 4GB 250GB DVRW W10P
ELECTRONICS	DELL 960 DT CORE2DUO 3.0G 4GB 1TB DVRW W7P
ELECTRONICS	DELL 960 DT CORE2DUO 3.0G 4GB 1TB DVRW W10P
ELECTRONICS	DELL 960 DT CORE2QUAD 2.4G 4GB 1TB DVRW W7P
ELECTRONICS	DELL 980 DT 1ST GEN I5 3.2G 4GB 250GB DVD W7P
ELECTRONICS	DELL 980 DT 1ST GEN I5 3.2G 4GB 250GB DVD W10P
ELECTRONICS	DELL 980 DT 1ST GEN I5 3.2G 4GB 1TB DVRW W7P
ELECTRONICS	DELL 980 DT 1ST GEN I5 3.2G 4GB 1TB DVRW W10P
ELECTRONICS	DELL 990 DT 2ND GEN I7 3.4G 8GB 2TB DVRW W10P
ELECTRONICS	DELL 990 DT 2ND GEN I7 2.8G 8GB 2TB DVRW W7P
ELECTRONICS	DELL 390 T 2ND GEN I3 3.1G 4GB 320GB DVRW W7P
ELECTRONICS	DELL 390 T 2ND GEN I5 3.1G 4GB 1TB DVRW W7P
ELECTRONICS	DELL 390 T PENTIUM G620 2.6G 4GB 320GB DVCDRW W7P
ELECTRONICS	DELL 7010 T 3RD GEN I5 3.4G 8GB 1TB DVRW W7P
ELECTRONICS	DELL 7010 T 3RD GEN I5 3.4G 8GB 1TB DVRW W10P
ELECTRONICS	DELL 7010 T 3RD GEN I5 3.4G 8GB 2TB DVRW W10P
ELECTRONICS	DELL 7010 T 3RD GEN I5 3.4G 16GB 2TB DVRW W10P
ELECTRONICS	DELL 755 T CORE2DUO 3.0G 4GB 1TB DVRW W7P
ELECTRONICS	DELL 755 T CORE2DUO 3.0G 4GB 1TB DVRW W10P
ELECTRONICS	DELL 760 T CORE2DUO 3.0G 4GB 1TB DVRW W7P
ELECTRONICS	DELL 760 T CORE2QUAD 2.4G 4GB 1TB DVRW W10P
ELECTRONICS	DELL 780 T CORE2DUO 3.0G 4GB 1TB DVRW W7P
ELECTRONICS	DELL 780 T CORE2DUO 3.0G 4GB 1TB DVRW W10P
ELECTRONICS	DELL 790 T 2ND GEN I5 3.3G 8GB 2TB DVRW W7P
ELECTRONICS	DELL 790 T 2ND GEN I5 3.3G 8GB 2TB DVRW W10P
ELECTRONICS	DELL 790 T 2ND GEN I5 3.3G 16GB 2TB DVRW W10P
ELECTRONICS	DELL 790 T 2ND GEN I7 3.4G 16GB 2TB DVRW W10P
ELECTRONICS	DELL 9010 T 3RD GEN I5 3.4G 8GB 2TB DVRW W10P
ELECTRONICS	DELL 9010 T 3RD GEN I5 3.4G 16GB 2TB DVRW W10P
ELECTRONICS	DELL 9010 T 3RD GEN I7 3.4G 8GB 2TB DVRW W7P
ELECTRONICS	DELL 9010 T 3RD GEN I7 3.4G 8GB 2TB DVRW W10P
ELECTRONICS	DELL 9010 T 3RD GEN I7 3.4G 16GB 2TB DVRW W10P
ELECTRONICS	DELL 9010 T 3RD GEN I7 3.1G 8GB 2TB DVRW W10P
ELECTRONICS	DELL 980 T 1ST GEN I7 2.8G 8GB 2TB DVRW W7P
ELECTRONICS	DELL 990 T 2ND GEN I5 3.1G 4GB 250GB DVCDRW W7P
ELECTRONICS	DELL 990 T 2ND GEN I5 3.1G 8GB 2TB DVRW W7P
ELECTRONICS	DELL 990 T 2ND GEN I5 3.1G 8GB 2TB DVRW W10P
ELECTRONICS	DELL 990 T 2ND GEN I5 3.1G 16GB 2TB DVRW W10P
ELECTRONICS	DELL 990 T 2ND GEN I7 3.4G 8GB 2TB DVRW W7P
ELECTRONICS	DELL 990 T 2ND GEN I7 3.4G 8GB 2TB DVRW W10P
ELECTRONICS	DELL 990 T 2ND GEN I7 3.4G 16GB 2TB DVRW W10P
ELECTRONICS	DELL 990 T 2ND GEN I7 2.8G 8GB 2TB DVRW W7P
ELECTRONICS	DELL 390 SFF 2ND GEN I5 3.1G 4GB 250GB DVRW W10P
ELECTRONICS	DELL 390 SFF 2ND GEN I5 3.1G 4GB 1TB DVRW W10P
ELECTRONICS	DELL 7010 SFF 3RD GEN I5 3.2G 4GB 250GB DVD W7P
ELECTRONICS	DELL 7010 SFF 3RD GEN I5 3.2G 4GB 250GB DVRW W10P
ELECTRONICS	DELL 7010 SFF 3RD GEN I5 3.2G 8GB 250GB DVRW W10P
ELECTRONICS	DELL 7010 SFF 3RD GEN I5 3.2G 8GB 1TB DVRW W7P
ELECTRONICS	DELL 7010 SFF 3RD GEN I5 3.2G 8GB 2TB DVRW W10P
ELECTRONICS	DELL 7010 SFF 3RD GEN I5 3.2G 16GB 1TB DVRW W7P
ELECTRONICS	DELL 7010 SFF 3RD GEN I5 3.2G 16GB 2TB DVRW W10P
ELECTRONICS	DELL 7010 SFF 3RD GEN I5 2.9G 8GB 500GB DVRW W10P
ELECTRONICS	DELL 7010 SFF 3RD GEN I5 2.9G 8GB 250GB DVRW W10H
ELECTRONICS	DELL 7010 SFF 3RD GEN I7 3.4G 16GB 2TB DVRW W10P
ELECTRONICS	DELL 7010 SFF 3RD GEN I7 3.1G 8GB 2TB DVRW W10P
ELECTRONICS	DELL 7010 SFF PENTIUM G870 3.1G 4GB 250GB DVRW W10P
ELECTRONICS	DELL 780 SFF CORE2DUO 3.0G 4GB 250GB DVD W7P
ELECTRONICS	DELL 790 SFF 2ND GEN I5 3.1G 4GB 250GB DVRW W10P
ELECTRONICS	DELL 790 SFF 2ND GEN I5 3.3G 8GB 250GB DVRW W7P
ELECTRONICS	DELL 790 SFF 2ND GEN I5 3.3G 8GB 250GB DVRW W10P
ELECTRONICS	DELL 790 SFF 2ND GEN I5 3.3G 8GB 2TB DVRW W7P
ELECTRONICS	DELL 790 SFF 2ND GEN I5 3.3G 8GB 2TB DVRW W10P
ELECTRONICS	DELL 790 SFF 2ND GEN I7 2.8G 8GB 2TB DVRW W7P
ELECTRONICS	DELL 9010 SFF 3RD GEN I5 3.4G 4GB 250GB DVD W7P
ELECTRONICS	DELL 9010 SFF 3RD GEN I5 3.4G 4GB 250GB DVRW W10P
ELECTRONICS	DELL 9010 SFF 3RD GEN I5 3.4G 8GB 1TB DVRW W7P
ELECTRONICS	DELL 9010 SFF 3RD GEN I5 3.4G 8GB 2TB DVRW W7P
ELECTRONICS	DELL 9010 SFF 3RD GEN I5 3.4G 16GB 2TB DVRW W10P
ELECTRONICS	DELL 9010 SFF 3RD GEN I7 3.4G 8GB 2TB DVRW W7P
ELECTRONICS	DELL 9010 SFF 3RD GEN I7 3.4G 8GB 2TB DVRW W10P
ELECTRONICS	DELL 9010 SFF 3RD GEN I7 3.4G 16GB 2TB DVRW W10P
ELECTRONICS	DELL 960 SFF CORE2DUO 3.0G 4GB 250GB DVRW W7P
ELECTRONICS	DELL 960 SFF CORE2DUO 3.0G 4GB 250GB DVRW W10P
ELECTRONICS	DELL 960 SFF CORE2DUO 3.0G 4GB 1TB DVRW W7P
ELECTRONICS	DELL 960 SFF CORE2DUO 3.0G 4GB 1TB DVRW W10P
ELECTRONICS	DELL 980 SFF 1ST GEN I5 3.2G 4GB 250GB DVD W7P
ELECTRONICS	DELL 980 SFF 1ST GEN I5 3.2G 4GB 250GB DVD W10P
ELECTRONICS	DELL 980 SFF 1ST GEN I5 3.33G 4GB 1TB DVRW W7P
ELECTRONICS	DELL 980 SFF 1ST GEN I5 3.33G 4GB 1TB DVRW W10P
ELECTRONICS	DELL 990 SFF 2ND GEN I5 3.1G 4GB 250GB DVD W7P
ELECTRONICS	DELL 990 SFF 2ND GEN I5 3.1G 4GB 250GB DVD W10P
ELECTRONICS	DELL 990 SFF 2ND GEN I5 3.1G 4GB 250GB DVRW W10P
ELECTRONICS	DELL 990 SFF 2ND GEN I5 3.1G 8GB 250GB DVRW W10P
ELECTRONICS	DELL 990 SFF 2ND GEN I5 3.1G 8GB 1TB DVRW W7P
ELECTRONICS	DELL 990 SFF 2ND GEN I5 3.1G 8GB 1TB DVRW W10P
ELECTRONICS	DELL 990 SFF 2ND GEN I5 3.1G 8GB 2TB DVRW W10P
ELECTRONICS	DELL 990 SFF 2ND GEN I5 3.1G 16GB 2TB DVRW W10P
ELECTRONICS	DELL 990 SFF 2ND GEN I7 3.4G 8GB 2TB DVRW W10P
ELECTRONICS	DELL 990 SFF 2ND GEN I7 3.4G 16GB 2TB DVRW W10P
ELECTRONICS	DELL 990 SFF 2ND GEN I7 2.8G 8GB 2TB DVRW W7P
ELECTRONICS	DELL OPTIPLEX 990 DT 2ND GEN I5 8GB DDR3 128GB SSD WIN 7 PRO 64
ELECTRONICS	DELL GX520 DT PENTIUM 4 3.0G 2GB 80GB DVD W7H
ELECTRONICS	DELL 745 MT C2D 1.86G 4GB 160GB DVRW W7H
ELECTRONICS	DELL GX520 MT PENTIUM D 2.8G 2GB 80GB DVD 7HOME
ELECTRONICS	DELL GX620 MT PENTIUM D 3.0G 2GB 80GB DVRW W7H
ELECTRONICS	DELL 390 MT C2D 2.4G 4GB 250GB DVRW W7P
ELECTRONICS	DELL 740 SFF A64X2 2.0G 2GB 160GB DVCDRW W7H
ELECTRONICS	DELL 745 SFF C2D 2.4G 4GB 160GB DVCDRW W7P
ELECTRONICS	DELL GX520 SFF PENTIUM 4 2.8G 2GB 80GB NOODD W7H
ELECTRONICS	DELL OPTIPLEX 7010 3RD GEN I5 SMALL FORM 3.4G 8GB 500GB WIN10
ELECTRONICS	INGRAM CERT PRE-OWNED DELL OPTI 990 SFF I5 3.1/4G/250G/DVDRW/NOS
ELECTRONICS	INGRAM CERT PRE-OWNED DELL OPTI 780 SFF C2Q 2.5-6GB-2TB-DVDRW-W7P
ELECTRONICS	DELL OPTIPLEX 330 DT CELERON D 1.8GHZ 2GB 80GB W7H CD
ELECTRONICS	DELL OPTIPLEX 330 DT CELERON D 1.8GHZ 2GB 160GB CD 7 HOME
ELECTRONICS	IM CERT PREOWNED DELL 7010 SFF I5 3.2GHZ 8GB 256SSD DVDRW WIN10P
ELECTRONICS	IM CERT PREOWNED DELL 990 SFF I5 3.1GHZ 8GB 128 SSD DVDRW WIN10P
ELECTRONICS	IM CERT PREOWNED 9010 USFF I5 4GB-320GB-DVDRW-WIN10P64
ELECTRONICS	IM CERT PREOWNED DELL OPTIPLEX 7010 SFF I5 8GB 500GB DVDRW WIN10P
ELECTRONICS	IM CERT PREOWNED DELL 7010 SFF I5 3.2 4GB 250GB DVD NO OS BLK PKG
ELECTRONICS	INGRAM CERTIFIED PRE-OWNED DELL 3.1GHZ 7010SFF I7 8GB 500GB
ELECTRONICS	IM CERT PRE-OWNED DELL 790-SFF PENTG840 4GB/160/DVD/10PRO/3YR WARR
ELECTRONICS	IM CERT PRE-OWNED DELL 990-SFF I5 4GB/160/DVD/WIN10P/3YR WARR
ELECTRONICS	IM CERT PRE-OWNED DELL 990-SFF I3 4GB/160/DVD/WIN10P/3YR WARR
ELECTRONICS	IM CERT PRE-OWNED DELL 990-SFF PENTG840 4GB/160/DVD/10PRO/3YR WARR
ELECTRONICS	7010-MT I5-3470 DELL OPTIPLEX 3.2GHZ-4GB MEM-500GB HD-DRW-10PRO64
ELECTRONICS	9020-MT I5-4570 DELL OPTIPLEX 3.2GHZ-4GB MEM-500GB HD-DRW-10PRO64
ELECTRONICS	DELL OPTIPLEX 9020 MT I7-4770 3.4G 8GB 500GB HDDRW W10P 64BIT
ELECTRONICS	INGRAM CERTIFIED PRE-OWNED DELL 9010MT I53.4GHZ8192500W10P64
ELECTRONICS	INGRAM CERTIFIED PRE-OWNED DELL 990SFF I5 2.4 3.1GHZ 8 128DVRW
ELECTRONICS	INGRAM CERTIFIED PRE-OWNED DELL 990 I5 2.4 3.1 8 500DVDRWNOOS
ELECTRONICS	IM CERT PRE-OWNED DELL 790 SFF I5 3.1 8GB 250GB DRW W10P 2YR WARR
ELECTRONICS	INGRAM CERTIFIED PRE-OWNED DELL 7010 SFF I5 3.2G 8 500 DVDW10P
ELECTRONICS	IM CERT PRE-OWNED DELL 7010 SFF I5 3.2 8GB 250GB DVD W7P 3YR WARR
ELECTRONICS	INGRAM CERTIFIED PRE-OWNED DELL 790SFF I5 3.1 8 500 DVD W10P
ELECTRONICS	INGRAM CERTIFIED PRE-OWNED DELL 790SFF I7 3.4 8 500 DVD W10P
ELECTRONICS	IM CPO DELL 990 DT I7 3.4GHZ 8GB 500GB DVDRW WIN10 P64
ELECTRONICS	IM CPO DELL 980 MT I5 3.2GHZ 8GB 500GB DVDRW WIN10 P64
ELECTRONICS	IM CPO DELL 990 MT I7 3.4GHZ 8GB 2TB DVDRW WIN10 P64
ELECTRONICS	IM CPO DELL 9010-MT I7 3.4GHZ 16GB 2TB DVDRW WIN10 P64
ELECTRONICS	IM CPO DELL 9020 MT I7 3.4GHZ 16GB 2TB DVDRW WIN10 P64
ELECTRONICS	IM CPO DELL T3500 MT XEON W3540 2.93GHZ 12GB 500GB DVDRW WIN10P64
ELECTRONICS	IM CPO DELL 790 SFF I5 3.1GHZ 4GB 500GB DVD WIN10 P64
ELECTRONICS	IM CPO DELL 990-SFF I7 3.4GHZ 8GB 500GB DVD WIN10 P64
ELECTRONICS	IM CPO DELL 7010SFF I3 4GB 500 DVD W7P RETL PKG LOGITEK K/B & MSE
ELECTRONICS	IM CPO DELL 7010-SFF I5 3.4GHZ 250GB DVDR W7P64 DELL RETAIL PKG
ELECTRONICS	IM CPO DELL 7010 DT I5 3.2GHZ 4GB 250GB DVD W7P64 DELL RETAL PKG
ELECTRONICS	IM CPO DELL 7010-DT I5 2.9GHZ 4GB 250 DVDRW W7P64 DELL RETAL PKG
ELECTRONICS	IM CPO DELL 7010-SFF I5 3.4GHZ 4GB 250GB DVD WIN10 P64
ELECTRONICS	IM CPO DELL 7010-DT I5 2.9GHZ 4GB 250GB DVDRW WIN10 P64
ELECTRONICS	IM CPO HP 800 G1-MT I7 3.4GHZ 16GB 2TB DVDRW WIN10 P64
ELECTRONICS	IM CPO HP 8200-SFF I7 3.4GHZ 8GB 500GB DVDRW WIN10 P64
ELECTRONICS	IM CPO HP 6300-SFF I3 3.3GHZ 4GB 250GB DVD WIN10 P64
ELECTRONICS	IM CPO HP 8300-SFF I3 3.3GHZ 4GB 250GB DVDRW WIN10 P64
ELECTRONICS	IM CPO HP 8300-SFF I5 3.2GHZ 4GB 500GB DVDRW WIN10 P64
ELECTRONICS	IM CPO HP 6305-SFF A8 3.2GHZ 8GB 500GB DVDRW WIN10 P64
ELECTRONICS	IM CPO HP 8200-USFF I5 2.5GHZ 4GB 320GB DVD WIN10 H64
ELECTRONICS	IM CPO HP 8300-USFF I3 3.3GHZ 4GB 320GB DVD WIN10 H64
ELECTRONICS	IM CPO HP 8300-USFF CELERON 2.6 4GB 250GB DVD WIN10 H64
ELECTRONICS	IM CPO LENOVO M90-SFF I5 3.2GHZ 4GB 250GB DVDRW WIN10 P64
ELECTRONICS	IM CPO LENOVO M91P-SFF I5 3.1GH 4GB 250GB DVDRW WIN10 P64
ELECTRONICS	IM CPO LENOVO M92P-SFF I3 3.3GH 4GB 250 NO_ODD WIN10H64
ELECTRONICS	INGRAM CPO DELL 3010-DT CORE I3 3.4GHZ 8GB 500GB DVD NO OS
ELECTRONICS	REFURB IM CERT PRE-OWNED DELL 7010-SFF I5 3.4G 4GB 250 DVDR W7P32
ELECTRONICS	IM CPO DELL 790-SFF CORE I5 3.1GHZ 8GB 2TB DVD WIN10P64
ELECTRONICS	DELL 3010 DT 3RD GEN I5 3.2G 4GB 250GB DVRW WIN 7 PRO
ELECTRONICS	DELL 7010 DT 3RD GEN I3 3.3G 4GB 250GB DVRW W10P
ELECTRONICS	DELL 790 MT 2ND GEN I5 3.1G 4GB 250GB DVRW W10P
ELECTRONICS	DELL 580 SFF A2X2 2.8G 4GB 160GB DVRW W7P
ELECTRONICS	DELL 790 2ND GEN SFF I3 3.3G 4GB 250GB DVRW W7P
ELECTRONICS	DELL 960 SFF C2D 3.0G 4GB 250GB DVD W7P
ELECTRONICS	DELL 980 SFF 1ST GEN I5 3.33G 4GB 160GB DVDRW W7P
ELECTRONICS	DELL 7010 SFF 3RD GEN I7 3.4G 8GB 250GB SSD DVRW W10P
ELECTRONICS	DELL 7010 SFF 3RD GEN I5 3.2GHZ 4GB RAM 250GB HDD DVDRW -W7P
ELECTRONICS	DELL OPTIPLEX 755 MT C2D 3.G 4GB RAM 250GB HDD DVRW W7P
ELECTRONICS	DELL OPTIPLEX 390 MT 3RD GEN I3 4GB RAM 250GB HDD DVRW W7P
ELECTRONICS	DELL OPTIPLEX 3010 MT 3RD GEN I5 8GB RAM 500GB HDD DVRW W7P
ELECTRONICS	DELL OPTIPLEX 780 SFF CORE 2 DUO 4GB RAM 250GB HDD DVRW W7P
ELECTRONICS	INGRAM CERTIFIED PRE OWNED DELL OPTI 7010 SFF 3RD GEN I5 8GB 500GB
ELECTRONICS	HP 8000 T CORE2DUO 3.0G 4GB 1TB DVRW W10P
ELECTRONICS	HP 8000 T CORE2DUO 3.16G 4GB 1TB DVRW W7P
ELECTRONICS	HP 8100 T 1ST GEN I5 3.2G 4GB 1TB DVRW W10P
ELECTRONICS	HP 8200 MT 2ND GEN I3 3.1G 4GB 250GB DVD W7P
ELECTRONICS	HP 8200 MT 2ND GEN I3 3.1G 4GB 250GB DVD W10P
ELECTRONICS	HP 8200 MT 2ND GEN I3 3.1G 8GB 2TB DVRW W7P
ELECTRONICS	HP 8200 MT 2ND GEN I3 3.1G 8GB 2TB DVRW W10P
ELECTRONICS	HP 8200 MT PENTIUM G620 2.6G 4GB 250GB DVD W7P
ELECTRONICS	HP 8200 MT PENTIUM G620 2.6G 4GB 250GB DVD W10P
ELECTRONICS	HP 8200 T 2ND GEN I5 3.1G 8GB 2TB DVD W10P
ELECTRONICS	HP 8200 T 2ND GEN I5 3.1G 16GB 2TB DVRW W10P
ELECTRONICS	HP 8200 TWR 2ND GEN I7 3.4G 16GB 2TB DVRW W10P
ELECTRONICS	HP 8200 T 2ND GEN I7 2.8G 8GB 2TB DVRW W7P
ELECTRONICS	HP 8300 T 3RD GEN I5 3.2G 8GB 1TB DVRW W7P
ELECTRONICS	HP 8300 TWR 3RD GEN I5 3.2G 8GB 1TB DVRW W10P
ELECTRONICS	HP 8300 T 3RD GEN I5 3.2G 8GB 2TB DVRW W10P
ELECTRONICS	HP 8300 T 3RD GEN I5 3.2G 16GB 2TB DVRW W10P
ELECTRONICS	HP 8300 TWR 3RD GEN I7 3.4G 8GB 2TB DVRW W7P
ELECTRONICS	HP 8300 T 3RD GEN I7 3.4G 16GB 2TB DVRW W10P
ELECTRONICS	HP Z400 T QC XEON 2.66G 4GB 1TB DVRW W7P
ELECTRONICS	HP Z400 T QC XEON 2.66G 6GB 1TB DVRW W10P
ELECTRONICS	HP 4000 SFF DUALCORE 3.0G 2GB 160GB DVD W7HP
ELECTRONICS	HP 4000 SFF DUALCORE 3.0G 4GB 250GB DVD W10P
ELECTRONICS	HP 4300 SFF PENTIUM G620 2.6G 4GB 250GB DVD W7P
ELECTRONICS	HP 4300 SFF PENTIUM G620 2.6G 4GB 250GB DVD W10P
ELECTRONICS	HP 6000 SFF CORE2DUO 3.0G 4GB 160GB DVRW W7P
ELECTRONICS	HP 6000 SFF CORE2DUO 3.0G 4GB 250GB DVD W10P
ELECTRONICS	HP 6000 SFF CORE2DUO 3.0G 8GB 2TB DVRW W7P
ELECTRONICS	HP 6000 SFF CORE2QUAD 2.4G 4GB 250GB DVD W10P
ELECTRONICS	HP 6000 SFF DUALCORE 2.8G 2GB 80GB DVD 7HP
ELECTRONICS	HP 6000 SFF DUALCORE 2.93G 4GB 250GB DVD W7P
ELECTRONICS	HP 6005 SFF ATHLON II X2 3.0 4GB 250GB DVD W7P
ELECTRONICS	HP 6005 SFF ATHLON II X2 3.0 4GB 250GB DVRW W10P
ELECTRONICS	HP 6005 SFF ATHLON II X2 3.0 8GB 250GB DVRW W10P
ELECTRONICS	HP 6005 SFF ATHLON II X2 3.0 8GB 2TB DVRW W7P
ELECTRONICS	HP 6005 SFF ATHLON II X2 3.0 8GB 2TB DVRW W10P
ELECTRONICS	HP 6200 SFF 2ND GEN I3 3.1G 4GB 250GB DVRW W7P
ELECTRONICS	HP 6200 SFF 2ND GEN I3 3.1G 4GB 250GB DVRW W10P
ELECTRONICS	HP 6200 SFF 2ND GEN I5 3.1G 8GB 250GB DVRW W10P
ELECTRONICS	HP 6200 SFF 2ND GEN I5 3.1G 8GB 2TB DVRW W10P
ELECTRONICS	HP 6200 SFF 2ND GEN I5 3.1G 8GB 1TB DVRW W7P
ELECTRONICS	HP 6200 SFF 2ND GEN I5 2.5G 4GB 500GB DVD W7P
ELECTRONICS	HP 6200 SFF 2ND GEN I5 2.5G 4GB 1TB DVD 7HP
ELECTRONICS	HP 6200 SFF 2ND GEN I5 2.5G 4GB 1TB DVD W7P
ELECTRONICS	HP 6200 SFF 2ND GEN I5 2.7G 4GB 1TB DVRW W7P
ELECTRONICS	HP 6200 SFF 2ND GEN I7 2.8G 8GB 2TB DVRW W7P
ELECTRONICS	HP 6200 SFF PENTIUM G620 2.6G 4GB 250GB DVD W7P
ELECTRONICS	HP 6200 SFF PENTIUM G870 3.1G 4GB 160GB DVD W10H
ELECTRONICS	HP 6200 SFF PENTIUM G870 3.1G 4GB 250GB DVD W10P
ELECTRONICS	HP 6300 SFF 3RD GEN I3 3.3G 4GB 250GB DVRW W7P
ELECTRONICS	HP 6300 SFF 3RD GEN I5 3.2G 4GB 250GB DVRW W7P
ELECTRONICS	HP 6300 SFF 3RD GEN I5 3.2G 8GB 250GB DVRW W10P
ELECTRONICS	HP 6300 SFF 3RD GEN I5 3.2G 8GB 2TB DVRW W10P
ELECTRONICS	HP 6300 SFF PENTIUM G2030 3.0G 4GB 250GB DVRW W10P
ELECTRONICS	HP 6300 SFF PENTIUM G870 3.1G 4GB 250GB DVD W7P
ELECTRONICS	HP 6305 SFF A4-5300B 3.4G 4GB 250GB DVRW W7P
ELECTRONICS	HP 6305 SFF A4-5300B 3.4G 8GB 250GB DVRW W7P
ELECTRONICS	HP 6305 SFF A4-5300B 3.4G 4GB 250GB DVRW W10P
ELECTRONICS	HP 6305 SFF A4-5300B 3.4G 8GB 250GB DVRW W10P
ELECTRONICS	HP 6305 SFF A4-5300 3.4G 8GB 1TB DVRW W7P
ELECTRONICS	HP 6305 SFF A4-5300B 3.4G 8GB 2TB DVRW W7P
ELECTRONICS	HP 6305 SFF A4-5300B 3.4G 8GB 2TB DVRW W10P
ELECTRONICS	HP 6305 SFF A4-5300B 3.4G 16GB 2TB DVRW W10P
ELECTRONICS	HP 8000 SFF CORE2DUO 3.0G 4GB 160GB DVD W7HP
ELECTRONICS	HP 8000 SFF CORE2DUO 3.0G 4GB 250GB DVRW W10P
ELECTRONICS	HP 8000 SFF CORE2DUO 3.0G 8GB 2TB DVRW W7P
ELECTRONICS	HP 8000 SFF CORE2DUO 3.16G 4GB 250GB DVD W10P
ELECTRONICS	HP 8000 SFF CORE2DUO 3.16G 4GB 1TB DVD W7P
ELECTRONICS	HP 8000 SFF CORE2DUO 3.16G 4GB 1TB DVD W10P
ELECTRONICS	HP 8000 SFF CORE2QUAD 2.4G 4GB 250GB DVRW W10P
ELECTRONICS	HP 8000 SFF CORE2QUAD 2.4G 4GB 1TB DVRW W7P
ELECTRONICS	HP 8000 SFF CORE2QUAD 2.4G 4GB 1TB DVRW W10P
ELECTRONICS	HP 8100 SFF 1ST GEN I3 2.93G 4GB 250GB DVD W7P
ELECTRONICS	HP 8100 SFF 1ST GEN I5 3.2G 4GB 250GB DVD W7P
ELECTRONICS	HP 8100 SFF 1ST GEN I5 3.2G 4GB 250GB DVD W10P
ELECTRONICS	HP 8200 SFF 2ND GEN I5 3.1G 4GB 250GB DVRW W7P
ELECTRONICS	HP 8200 SFF 2ND GEN I5 3.1G 4GB 250GB DVRW W10P
ELECTRONICS	HP 8200 SFF 2ND GEN I5 3.1G 8GB 250GB DVRW W7P
ELECTRONICS	HP 8200 SFF 2ND GEN I5 3.1G 8GB 250GB DVRW W10P
ELECTRONICS	HP 8200 SFF 2ND GEN I5 3.1G 8GB 1TB DVRW W10P
ELECTRONICS	HP 8200 SFF 2ND GEN I5 3.1G 8GB 2TB DVRW W10P
ELECTRONICS	HP 8200 SFF 2ND GEN I5 3.1G 16GB 2TB DVRW W10P
ELECTRONICS	HP 8200 SFF 2ND GEN I7 2.8G 8GB 2TB DVRW W7P
ELECTRONICS	HP 8300 SFF 3RD GEN I5 3.2G 4GB 250GB DVD W7P
ELECTRONICS	HP 8300 SFF 3RD GEN I5 3.2G 8GB 250GB DVRW W10P
ELECTRONICS	HP 8300 SFF 3RD GEN I5 3.2G 8GB 1TB DVRW W7P
ELECTRONICS	HP 8300 SFF 3RD GEN I5 3.2G 8GB 1TB DVRW W10P
ELECTRONICS	HP 8300 SFF 3RD GEN I5 3.2G 8GB 2TB DVRW W7P
ELECTRONICS	HP 8300 SFF 3RD GEN I5 3.2G 8GB 2TB DVRW W10P
ELECTRONICS	HP 8300 SFF 3RD GEN I5 3.2G 16GB 2TB DVRW W10P
ELECTRONICS	HP 8300 SFF 3RD GEN I7 3.4G 8GB 2TB DVRW W10P
ELECTRONICS	HP 8300 SFF 3RD GEN I7 3.4G 16GB 2TB DVRW W10P
ELECTRONICS	HP DC7700 MT C2D 2.4G 2GB 160GB DVRW W7H
ELECTRONICS	HP Z400 MT QC XEON 2.66G 6GB 1000GB DVRW W7P
ELECTRONICS	HP 4000 SFF DC 3.2G 4GB 250GB DVD W7H
ELECTRONICS	HP 4300 SFF PENTIUM 2.8G 4GB 250GB DVD W7P
ELECTRONICS	HP DC7700 SFF C2D 1.86G 2GB 80GB DVRW W7P
ELECTRONICS	HP DX6120 SFF PENTIUM 4 3.0G 2GB 160GB DVD W7H
ELECTRONICS	HP 6005 USFF A2X2 3.0G 4GB 80GB NOODD W10H
ELECTRONICS	HP 8000 USFF C2D 3.0G 4GB 160GB DVRW W10P
ELECTRONICS	HP DC7800 USFF C2D 2.13G 2GB 80GB NOODD W7H
ELECTRONICS	HP DC7900 USFF C2D 3.0G 2GB 160GB DVDRW W7H
ELECTRONICS	INGRAM CERTIFIED PRE OWNED HP 6300 PRO SFF 3GEN I3 3.3 4GB 250GB
ELECTRONICS	HP 6200 SFF 2ND GEN I3 3.3G 4GB RAM 250GB HD DVD 7PRO64
ELECTRONICS	INGRAM CERTIFIED PRE-OWNED HP SFF I3 3.3GHZ 4GB 250GB DVD W10PR
ELECTRONICS	CPO HP 8300 SFF 2ND GEN I5 3.1G 4GB RAM 250GB HD DVRW NO OS
ELECTRONICS	CPO HP 8300 SFF 3RD GEN I5 3.2G 4GB RAM 250GB HD DVRW NO OS
ELECTRONICS	HP 6305 PRO SFF AMD A4 3.4GHZ 4GB 250 DVD 7 HOME
ELECTRONICS	HP 6305 PRO SFF AMD A4 3.4GHZ 4GB 250 W7P DVD
ELECTRONICS	HP 6200 PRO MT 2ND GEN INTEL I5 3.1GHZ 4GB 250GB DVD 7PRO
ELECTRONICS	HP 6200 PRO MT 2ND GEN INTEL I3 3.1GHZ 4GB 250GB DVD 7PRO
ELECTRONICS	IM CERT PRE-OWNED HP 8300 SFF I5 3.1 16GB 128-SSD DVDRW W10P
ELECTRONICS	IM CERT PRE-OWNED HP 8200 SFF CORE I5 4GB 500GB DVDRW W10P
ELECTRONICS	I5-2400 3.1GHZ HP 8200 ELITE SF 4GB MEM-500GB HD-DVDRW-10PRO64
ELECTRONICS	INGRAM CERTIFIED PRE-OWNED HP 8200 SFF I5 3.1G 4GB 500GB DRW
ELECTRONICS	IM CERT PRE-OWNED HP 6300-SFF I3-3.3 4GB 250GB DRW W10P WIFI ATCH
ELECTRONICS	HP 8200 USF CORE I3-2120 3.3GHZ 4GB RAM 250GB HD DVDRW 10PRO
ELECTRONICS	HP 8200 T CORE I5-2400S 2.5GHZ 8GB RAM 500GB HD DVDRW 10PRO
ELECTRONICS	HP 8200 MT PENTIUM 3.1G 4GB 250GB DVRW 7PRO
ELECTRONICS	HP 6200 SFF 2ND GEN I3 3.1G 4GB 250GB DVD W7P
ELECTRONICS	HP 6300 SFF 3RD GEN I5 3.2G 4GB 250GB DVRW W10P
ELECTRONICS	HP 8100 SFF 1ST GEN I5 3.33G 4GB 250GB DVRW W7P
ELECTRONICS	HP 8200 USFF PENTIUM 3.1G 4GB 250GB DVRW W10P
ELECTRONICS	HP 8300 USFF 3RD GEN I5 2.9G 4GB 500GB DVRW W10P
ELECTRONICS	INGRAM CERTIFIED PRE-OWNED HP Z420-T/QC XEON E5-1620 3.6G
ELECTRONICS	HP 8200 ELITE USDT PENTIUM 3.1 4GB RAM 250GB HDD DVRW W7P
ELECTRONICS	HP 6000 SFF CORE 2 DUO 3G 4GB RAM 250GB HDD DVD W7P
ELECTRONICS	HP 6200 SFF 2ND GEN I5 3.1G 4GB RAM 250GB HDD DVRW W7P
ELECTRONICS	HP 8300 ELITE USDT 3RD GEN I5 4GB RAM 250GB HDD DVRW W7P
ELECTRONICS	HP 8200 ELITE USDT 2ND GEN I3 4GB RAM 250GB HDD DVRW W7P
ELECTRONICS	HP 8300 ELITE SFF 3RD GEN I3 3.3 8GB RAM 500GB HDD DVRW W7P
ELECTRONICS	HP 8200 ELITE MT 2ND GEN I5 2.5 8GB RAM 500GB HDD DVRW W7P
ELECTRONICS	INGRAM CERTIFIED PRE OWNED HP 4300 PRO SFF 3GEN I3 3.3 8GB 500GB
ELECTRONICS	INGRAM CERTIFIED PRE OWNED HP 6200 PRO SFF 2GEN I3 3.3 4GB 250GB
ELECTRONICS	INGRAM CERTIFIED PRE OWNED HP 6300 PRO SFF 3GEN I5 3.4 8GB 500GB
ELECTRONICS	INGRAM CERTIFIED PRE OWNED HP 8200ELITE SFF 2GEN I5 8GB 500GB W7P
ELECTRONICS	INGRAM CERTIFIED PRE OWNED HP 8300 USDT 2GEN I5 4GB 250GB W7P
ELECTRONICS	INGRAM CERTIFIED PRE OWNED HP 8300 USDT 3GEN I5 4GB 250GB W7P
ELECTRONICS	INGRAM CERTIFIED PRE OWNED HP 8300ELITE SFF 3GEN I5 8GB 500GB W7P
ELECTRONICS	INGRAM CERTIFIED PRE OWNED DELL OPTI 790 SFF 2GEN I5 8GB 500GB
ELECTRONICS	LENOVO M58 T CORE2DUO 3.0G 4GB 320GB DVRW W7P
ELECTRONICS	LENOVO M82 T 3RD GEN I3 3.3G 4GB 500GB DVRW W10P
ELECTRONICS	LENOVO M82 T 3RD GEN I5 3.2G 8GB 2TB DVRW W10P
ELECTRONICS	LENOVO M82 T PENTIUM G870 3.1G 4GB 250GB DVD W10P
ELECTRONICS	LENOVO M91P T 2ND GEN I5 3.1G 8GB 2TB DVRW W10P
ELECTRONICS	LENOVO M58 SFF DUALCORE 3.0G 2GB 250GB DVRW W7P
ELECTRONICS	LENOVO M71E SFF PENTIUM G630 2.7G 4GB 1TB DVRW W7P
ELECTRONICS	LENOVO M77 SFF PHENOM2 X2 2.8G 4GB 500GB DVRW W7P
ELECTRONICS	LENOVO M81 SFF 2ND GEN I3 3.1G 4GB 320GB DVCDRW W7P
ELECTRONICS	LENOVO M81 SFF 2ND GEN I5 3.1G 4GB 250GB DVRW W10P
ELECTRONICS	LENOVO M81 SFF 2ND GEN I5 3.1G 4GB 1TB DVRW W10P
ELECTRONICS	LENOVO M81 SFF PENTIUM G630 2.7G 4GB 250GB DVD W7P
ELECTRONICS	LENOVO M82 SFF 3RD GEN I5 3.2G 4GB 250GB DVD W7P
ELECTRONICS	LENOVO M82 SFF 3RD GEN I5 3.2G 8GB 1TB DVRW W7P
ELECTRONICS	LENOVO M90 SFF 1ST GEN I3 2.93G 4GB 250GB DVD W10P
ELECTRONICS	LENOVO M90 SFF 1ST GEN I5 3.2G 4GB 250GB DVRW W10P
ELECTRONICS	LENOVO M92P SFF 3RD GEN I5 3.2G 8GB 250GB DVRW W10P
ELECTRONICS	LENOVO M92P SFF 3RD GEN I5 3.2G 8GB 1TB DVRW W7P
ELECTRONICS	LENOVO M92P SFF 3RD GEN I5 3.2G 8GB 2TB DVRW W10P
ELECTRONICS	LENOVO M72E USFF PENTIUM G2020T 2.5G 4GB 320GB NOODD W10H
ELECTRONICS	LENOVO M72E USFF PENTIUM G2020T 2.5G 4GB 320GB NOODD W10P
ELECTRONICS	LENOVO M92P USFF 3RD GEN I5 2.9G 6GB 250GB NOODD W10P
ELECTRONICS	LENOVO M57 SFF C2D 2.66G 2GB 160GB DVD W7H
ELECTRONICS	LENOVO M71E SFF PENTIUM 2.7G 4GB 250GB DVD W7P
ELECTRONICS	LENOVO M55 USFF C2D 2.13G 2GB 80GB DVCDRW W7H
ELECTRONICS	LENOVO M57 USFF C2D 2.33G 2GB 160GB DVD W7H
ELECTRONICS	LENOVO M58 SFF DC 2.7G 2GB 160GB NOODD W7H
ELECTRONICS	LENOVO M70E SFF DC 2.8G 4GB 160GB DVDRW W7P
ELECTRONICS	HP ELITEBOOK 8460P 2ND GEN I5 4GB DDR3 320GB HDD 14IN 10PRO
ELECTRONICS	HP ELITEBOOK 9470M 3RD GEN I5 4GB DDR3 320GB HDD 14IN 10PRO
ELECTRONICS	HP PROBOOK 6470B 3RD GEN I5 4GB DDR3 320GB HDD 14IN 10PRO
ELECTRONICS	DELL LATITUDE E6330 3RD GEN I5 4GB DDR3 320GB HDD 13.3IN 10PRO
ELECTRONICS	HP ELITEBOOK 2560P 2ND GEN I5 4GB DDR3 320GB HDD 12.5IN 10PRO
ELECTRONICS	DELL 6430U 3RD GEN I5 1.8G 8GB 256GB NOODD W7P
ELECTRONICS	DELL 6430U 3RD GEN I7 2.0G 8GB 256GB NOODD W10P
ELECTRONICS	LATITUDE E5420 2ND GEN I5 2.3G 4GB 320GB DVD W10P
ELECTRONICS	DELL E5420 2ND GEN I5 2.5G 16GB 256GB DVD W10P
ELECTRONICS	DELL E5420 2ND GEN I5 2.5G 4GB 128GB DVD W7P
ELECTRONICS	DELL E5420 2ND GEN I5 2.5G 4GB 750GB DVD W10H
ELECTRONICS	DELL E5420 2ND GEN I5 2.5G 8GB 128GB DVD 7HP
ELECTRONICS	DELL E5420 2ND GEN I5 2.5G 8GB 256GB DVD W10P
ELECTRONICS	DELL E5420 2ND GEN I5 2.5G 8GB 750GB DVD W10H
ELECTRONICS	DELL E5430 3RD GEN I5 2.5G 4GB 320GB DVD W10P
ELECTRONICS	DELL E5430 3RD GEN I5 2.6G 16GB 256GB DVD W10P
ELECTRONICS	DELL E5430 3RD GEN I5 2.6G 4GB 128GB DVD W7P
ELECTRONICS	DELL E5430 3RD GEN I5 2.6G 4GB 750GB DVD W10H
ELECTRONICS	DELL E5430 3RD GEN I5 2.6G 8GB 128GB DVD 7HP
ELECTRONICS	DELL E5430 3RD GEN I5 2.6G 8GB 256GB DVD W10P
ELECTRONICS	DELL E5430 3RD GEN I5 2.6G 8GB 750GB DVD W10H
ELECTRONICS	DELL E5520 2ND GEN I5 2.5G 8GB 750GB DVD W10P
ELECTRONICS	DELL E6220 2ND GEN I5 2.3G 4GB 320GB NOODD W10P
ELECTRONICS	DELL E6220 2ND GEN I5 2.5G 16GB 256GB NOODD W10P
ELECTRONICS	DELL E6220 2ND GEN I5 2.5G 4GB 128GB NOODD W7P
ELECTRONICS	DELL E6220 2ND GEN I5 2.5G 4GB 750GB NOODD W10H
ELECTRONICS	DELL E6220 2ND GEN I5 2.5G 8GB 128GB NOODD 7HP
ELECTRONICS	DELL E6220 2ND GEN I5 2.5G 8GB 256GB NOODD W10P
ELECTRONICS	DELL E6220 2ND GEN I5 2.5G 8GB 750GB NOODD W10H
ELECTRONICS	DELL E6230 3RD GEN I5 2.5G 4GB 320GB NOODD W10P
ELECTRONICS	DELL E6230 3RD GEN I5 2.6G 16GB 256GB NOODD W10P
ELECTRONICS	DELL E6230 3RD GEN I5 2.6G 4GB 128GB NOODD W7P
ELECTRONICS	DELL E6230 3RD GEN I5 2.6G 4GB 750GB NOODD W10H
ELECTRONICS	DELL E6230 3RD GEN I5 2.6G 8GB 128GB NOODD 7HP
ELECTRONICS	DELL E6230 3RD GEN I5 2.6G 8GB 256GB NOODD W10P
ELECTRONICS	DELL E6230 3RD GEN I5 2.6G 8GB 750GB NOODD W10H
ELECTRONICS	DELL E6320 2ND GEN I3 2.1G 4GB 128GB DVD W10P
ELECTRONICS	DELL E6320 2ND GEN I5 2.3G 4GB 320GB DVD W10P
ELECTRONICS	DELL E6320 2ND GEN I5 2.5G 16GB 256GB DVD W10P
ELECTRONICS	DELL E6320 2ND GEN I5 2.5G 4GB 128GB DVD W7P
ELECTRONICS	DELL E6320 2ND GEN I5 2.5G 4GB 750GB DVD W10H
ELECTRONICS	DELL E6320 2ND GEN I5 2.5G 8GB 128GB DVD 7HP
ELECTRONICS	DELL E6320 2ND GEN I5 2.5G 8GB 256GB DVD W10P
ELECTRONICS	DELL E6320 2ND GEN I5 2.5G 8GB 750GB DVD W10H
ELECTRONICS	DELL E6320 2ND GEN I3 2.1G 4GB 250GB DVD W7P
ELECTRONICS	DELL E6330 3RD GEN I5 2.5G 4GB 320GB DVD W10P
ELECTRONICS	DELL E6330 3RD GEN I5 2.6G 16GB 256GB DVD W10P
ELECTRONICS	DELL E6330 3RD GEN I5 2.6G 4GB 128GB DVD W7P
ELECTRONICS	DELL E6330 3RD GEN I5 2.6G 4GB 750GB DVD W10H
ELECTRONICS	DELL E6330 3RD GEN I5 2.6G 8GB 128GB DVD 7HP
ELECTRONICS	DELL E6330 3RD GEN I5 2.6G 8GB 256GB DVD W10P
ELECTRONICS	DELL E6330 3RD GEN I5 2.6G 8GB 750GB DVD W10H
ELECTRONICS	DELL E6330 3RD GEN I7 2.9G 16GB 256GB DVRW W10P
ELECTRONICS	DELL E6330 3RD GEN I7 2.9G 8GB 128GB DVRW W7P
ELECTRONICS	DELL E6410 1ST GEN I5 2.4G 4GB 128GB DVD W7P
ELECTRONICS	DELL E6410 1ST GEN I5 2.4G 4GB 320GB DVD W10P
ELECTRONICS	DELL E6410 1ST GEN I5 2.4G 4GB 500GB DVD 7HP
ELECTRONICS	DELL E6410 1ST GEN I5 2.4G 8GB 128GB DVD W10P
ELECTRONICS	DELL E6410 1ST GEN I5 2.4G 8GB 256GB DVD W10P
ELECTRONICS	DELL E6410 1ST GEN I5 2.4G 8GB 750GB DVD W10H
ELECTRONICS	LATITUDE E6420 2ND GEN I5 2.3G 4GB 320GB DVD W10P
ELECTRONICS	DELL E6420 2ND GEN I5 2.5G 16GB 256GB DVD W10P
ELECTRONICS	LATITUDE E6420 2ND GEN I5 2.5G 4GB 128GB DVD W7P
ELECTRONICS	DELL E6420 2ND GEN I5 2.5G 4GB 750GB DVD W10H
ELECTRONICS	DELL E6420 2ND GEN I5 2.5G 8GB 128GB DVD 7HP
ELECTRONICS	DELL E6420 2ND GEN I5 2.5G 8GB 256GB DVD W10P
ELECTRONICS	DELL E6420 2ND GEN I5 2.5G 8GB 750GB DVD W10H
ELECTRONICS	DELL E6430 3RD GEN I5 2.5G 4GB 320GB DVD W10P
ELECTRONICS	DELL E6430 3RD GEN I5 2.6G 16GB 256GB DVD W10P
ELECTRONICS	DELL E6430 3RD GEN I5 2.6G 4GB 128GB DVD W7P
ELECTRONICS	DELL E6430 3RD GEN I5 2.6G 4GB 750GB DVD W10H
ELECTRONICS	DELL E6430 3RD GEN I5 2.6G 8GB 128GB DVD 7HP
ELECTRONICS	DELL E6430 3RD GEN I5 2.6G 8GB 256GB DVD W10P
ELECTRONICS	DELL E6430 3RD GEN I5 2.6G 8GB 750GB DVD W10H
ELECTRONICS	DELL E6430 3RD GEN I7 2.9G 16GB 256GB DVRW W10P
ELECTRONICS	DELL E6430 3RD GEN I7 2.9G 8GB 128GB DVRW W7P
ELECTRONICS	DELL E6430S 3RD GEN I5 2.6G 16GB 256GB DVD W10P
ELECTRONICS	DELL E6430S 3RD GEN I5 2.6G 8GB 128GB DVD W7P
ELECTRONICS	DELL E6510 1ST GEN I5 2.4G 4GB 128GB DVD W7P
ELECTRONICS	DELL E6510 1ST GEN I5 2.4G 4GB 320GB DVD W10P
ELECTRONICS	DELL E6510 1ST GEN I5 2.4G 4GB 500GB DVD 7HP
ELECTRONICS	DELL E6510 1ST GEN I5 2.4G 8GB 128GB DVD W10P
ELECTRONICS	DELL E6510 1ST GEN I5 2.4G 8GB 256GB DVD W10P
ELECTRONICS	DELL E6510 1ST GEN I5 2.4G 8GB 750GB DVD W10H
ELECTRONICS	DELL E6520 2ND GEN I5 2.3G 4GB 320GB DVD W10P
ELECTRONICS	DELL E6520 2ND GEN I5 2.5G 16GB 256GB DVD W10P
ELECTRONICS	DELL E6520 2ND GEN I5 2.5G 4GB 128GB DVD W7P
ELECTRONICS	DELL E6520 2ND GEN I5 2.5G 4GB 500GB DVD W10H
ELECTRONICS	DELL E6520 2ND GEN I5 2.5G 8GB 128GB DVD W10P
ELECTRONICS	DELL E6520 2ND GEN I5 2.5G 8GB 256GB DVD W7P
ELECTRONICS	DELL E6520 2ND GEN I5 2.5G 8GB 750GB DVD W10H
ELECTRONICS	DELL E6530 3RD GEN I5 2.5G 4GB 320GB DVD W10P
ELECTRONICS	DELL E6530 3RD GEN I5 2.6G 16GB 256GB DVD W10P
ELECTRONICS	DELL E6530 3RD GEN I5 2.6G 4GB 128GB DVD W7P
ELECTRONICS	DELL E6530 3RD GEN I5 2.6G 4GB 500GB DVD W10H
ELECTRONICS	DELL E6530 3RD GEN I5 2.6G 8GB 128GB DVD W10P
ELECTRONICS	DELL E6530 3RD GEN I5 2.6G 8GB 256GB DVD W7P
ELECTRONICS	DELL E6530 3RD GEN I5 2.6G 8GB 750GB DVD W10H
ELECTRONICS	DELL E6530 3RD GEN I7 2.9G 16GB 256GB DVRW W10P
ELECTRONICS	DELL E6530 3RD GEN I7 2.9G 8GB 256GB DVRW W7P
ELECTRONICS	DELL E6530 3RD GEN I7 2.6G 16GB 256GB DVRW W10P
ELECTRONICS	HP 2170P 3RD GEN I5 1.8G 16GB 750GB NOODD W7P
ELECTRONICS	HP 2170P 3RD GEN I5 1.8G 8GB 128GB NOODD W10P
ELECTRONICS	HP 2560P 2ND GEN I5 2.3G 4GB 320GB DVD W10P
ELECTRONICS	HP 2560P 2ND GEN I5 2.5G 16GB 256GB DVD W10P
ELECTRONICS	HP 2560P 2ND GEN I5 2.5G 4GB 128GB DVD W7P
ELECTRONICS	HP 2560P 2ND GEN I5 2.5G 4GB 750GB DVD W10H
ELECTRONICS	HP 2560P 2ND GEN I5 2.5G 8GB 128GB DVD 7HP
ELECTRONICS	HP 2560P 2ND GEN I5 2.5G 8GB 256GB DVD W10P
ELECTRONICS	HP 2560P 2ND GEN I5 2.5G 8GB 750GB DVD W10H
ELECTRONICS	HP 2560P 2ND GEN I7 2.7G 8GB 128GB DVRW W7P
ELECTRONICS	HP 2560P 2ND GEN I7 2.7G 16GB 256GB DVRW W10P
ELECTRONICS	HP 2570P 3RD GEN I5 2.5G 4GB 320GB DVD W10P
ELECTRONICS	HP 2570P 3RD GEN I5 2.6G 16GB 256GB DVD W10P
ELECTRONICS	HP 2570P 3RD GEN I5 2.6G 4GB 128GB DVD W7P
ELECTRONICS	HP 2570P 3RD GEN I5 2.6G 4GB 750GB DVD W10H
ELECTRONICS	HP 2570P 3RD GEN I5 2.6G 8GB 128GB DVD 7HP
ELECTRONICS	HP 2570P 3RD GEN I5 2.6G 8GB 256GB DVD W10P
ELECTRONICS	HP 2570P 3RD GEN I5 2.6G 8GB 750GB DVD W10H
ELECTRONICS	HP 2570P 3RD GEN I7 2.9G 16GB 256GB DVRW W10P
ELECTRONICS	HP 2570P 3RD GEN I7 2.9G 8GB 128GB DVRW W7P
ELECTRONICS	HP 8440P 1ST GEN I5 2.4G 4GB 128GB DVD W7P
ELECTRONICS	HP 8440P 1ST GEN I5 2.4G 4GB 320GB DVD W10P
ELECTRONICS	HP 8440P 1ST GEN I5 2.4G 4GB 500GB DVD 7HP
ELECTRONICS	HP 8440P 1ST GEN I5 2.4G 8GB 128GB DVD W10P
ELECTRONICS	HP 8440P 1ST GEN I5 2.4G 8GB 256GB DVD W10P
ELECTRONICS	HP 8440P 1ST GEN I5 2.4G 8GB 750GB DVD W10H
ELECTRONICS	HP 8460P 2ND GEN I5 2.3G 4GB 320GB DVD W10P
ELECTRONICS	HP 8460P 2ND GEN I5 2.5G 16GB 256GB DVD W10P
ELECTRONICS	HP 8460P 2ND GEN I5 2.5G 4GB 128GB DVD W7P
ELECTRONICS	HP 8460P 2ND GEN I5 2.5G 4GB 750GB DVD W10H
ELECTRONICS	HP 8460P 2ND GEN I5 2.5G 8GB 128GB DVD 7HP
ELECTRONICS	HP 8460P 2ND GEN I5 2.5G 8GB 256GB DVD W10P
ELECTRONICS	HP 8460P 2ND GEN I5 2.5G 8GB 750GB DVD W10H
ELECTRONICS	HP 8470P 3RD GEN I5 2.5G 4GB 320GB DVD W10P
ELECTRONICS	HP 8470P 3RD GEN I5 2.6G 16GB 256GB DVD W10P
ELECTRONICS	HP 8470P 3RD GEN I5 2.6G 4GB 128GB DVD W7P
ELECTRONICS	HP 8470P 3RD GEN I5 2.6G 4GB 750GB DVD W10H
ELECTRONICS	HP 8470P 3RD GEN I5 2.6G 8GB 128GB DVD 7HP
ELECTRONICS	HP 8470P 3RD GEN I5 2.6G 8GB 256GB DVD W10P
ELECTRONICS	HP 8470P 3RD GEN I5 2.6G 8GB 750GB DVD W10H
ELECTRONICS	HP 8560P 2ND GEN I5 2.3G 4GB 320GB DVD W10P
ELECTRONICS	HP 8560P 2ND GEN I5 2.5G 16GB 256GB DVD W10P
ELECTRONICS	HP 8560P 2ND GEN I5 2.5G 4GB 128GB DVD W7P
ELECTRONICS	HP 8560P 2ND GEN I5 2.5G 4GB 500GB DVD W10H
ELECTRONICS	HP 8560P 2ND GEN I5 2.5G 8GB 128GB DVD W10P
ELECTRONICS	HP 8560P 2ND GEN I5 2.5G 8GB 256GB DVD W7P
ELECTRONICS	HP 8560P 2ND GEN I5 2.5G 8GB 750GB DVD W10H
ELECTRONICS	HP 8570P 3RD GEN I5 2.5G 4GB 320GB DVD W10P
ELECTRONICS	HP 8570P 3RD GEN I5 2.6G 16GB 256GB DVD W10P
ELECTRONICS	HP 8570P 3RD GEN I5 2.6G 4GB 128GB DVD W7P
ELECTRONICS	HP 8570P 3RD GEN I5 2.6G 4GB 500GB DVD W10H
ELECTRONICS	HP 8570P 3RD GEN I5 2.6G 8GB 128GB DVD W10P
ELECTRONICS	HP 8570P 3RD GEN I5 2.6G 8GB 256GB DVD W7P
ELECTRONICS	HP 8570P 3RD GEN I5 2.6G 8GB 750GB DVD W10H
ELECTRONICS	HP 8570P 3RD GEN I7 2.6G 16GB 256GB DVRW W10P
ELECTRONICS	HP 8570P 3RD GEN I7 2.6G 8GB 750GB DVRW W7P
ELECTRONICS	HP 8570W 3RD GEN I7 2.6G 16GB 256GB DVRW W10P
ELECTRONICS	HP 8570W 3RD GEN I7 2.6G 16GB 750GB DVRW W7P
ELECTRONICS	HP 9470M 3RD GEN I5 1.8G 16GB 256GB NOODD W10P
ELECTRONICS	HP 9470M 3RD GEN I5 1.8G 4GB 128GB NOODD W7P
ELECTRONICS	HP 9470M 3RD GEN I5 1.8G 4GB 320GB NOODD W10P
ELECTRONICS	HP 9470M 3RD GEN I5 1.8G 4GB 750GB NOODD W10H
ELECTRONICS	HP 9470M 3RD GEN I5 1.8G 8GB 128GB NOODD 7HP
ELECTRONICS	HP 9470M 3RD GEN I5 1.8G 8GB 256GB NOODD W10P
ELECTRONICS	HP 9470M 3RD GEN I5 1.8G 8GB 750GB NOODD W10H
ELECTRONICS	HP 9470M 3RD GEN I7 2.0G 16GB 256GB NOODD W10P
ELECTRONICS	HP 9470M 3RD GEN I7 2.0G 8GB 128GB NOODD W7P
ELECTRONICS	HP 6460B 2ND GEN I5 2.3G 4GB 320GB DVD W10P
ELECTRONICS	HP 6460B 2ND GEN I5 2.5G 16GB 256GB DVD W10P
ELECTRONICS	HP 6460B 2ND GEN I5 2.5G 4GB 128GB DVD W7P
ELECTRONICS	HP 6460B 2ND GEN I5 2.5G 4GB 750GB DVD W10H
ELECTRONICS	HP 6460B 2ND GEN I5 2.5G 8GB 128GB DVD 7HP
ELECTRONICS	HP 6460B 2ND GEN I5 2.5G 8GB 256GB DVD W10P
ELECTRONICS	HP 6460B 2ND GEN I5 2.5G 8GB 750GB DVD W10H
ELECTRONICS	HP 6470B 3RD GEN I5 2.5G 4GB 320GB DVD W10P
ELECTRONICS	HP 6470B 3RD GEN I5 2.6G 16GB 256GB DVD W10P
ELECTRONICS	HP 6470B 3RD GEN I5 2.6G 4GB 128GB DVD W7P
ELECTRONICS	HP 6470B 3RD GEN I5 2.6G 4GB 750GB DVD W10H
ELECTRONICS	HP 6470B 3RD GEN I5 2.6G 8GB 128GB DVD 7HP
ELECTRONICS	HP 6470B 3RD GEN I5 2.6G 8GB 256GB DVD W10P
ELECTRONICS	HP 6470B 3RD GEN I5 2.6G 8GB 750GB DVD W10H
ELECTRONICS	HP 6475B A6-4400M 2.7G 4GB 320GB DVD W10P
ELECTRONICS	HP 6475B A6-4400M 2.7G 8GB 750GB DVD W7P
ELECTRONICS	HP 6560B 2ND GEN I5 2.5G 16GB 750GB DVD W7P
ELECTRONICS	HP 6560B 2ND GEN I5 2.5G 8GB 128GB DVD W10P
ELECTRONICS	HP 6570B 3RD GEN I5 2.6G 16GB 256GB DVRW W10P
ELECTRONICS	HP 6570B 3RD GEN I5 2.6G 8GB 750GB DVRW W7P
ELECTRONICS	LENOVO L420 2ND GEN I5 2.5G 4GB 320GB DVD W7P
ELECTRONICS	LENOVO L420 2ND GEN I5 2.5G 8GB 500GB DVD W10P
ELECTRONICS	LENOVO L430 3RD GEN I5 2.6G 16GB 256GB DVD W7P
ELECTRONICS	LENOVO L430 3RD GEN I5 2.6G 8GB 128GB DVD W10P
ELECTRONICS	LENOVO T410 1ST GEN I5 2.4G 4GB 128GB DVD W7P
ELECTRONICS	LENOVO T410 1ST GEN I5 2.4G 4GB 320GB DVD W10P
ELECTRONICS	LENOVO T410 1ST GEN I5 2.4G 4GB 500GB DVD 7HP
ELECTRONICS	LENOVO T410 1ST GEN I5 2.4G 8GB 128GB DVD W10P
ELECTRONICS	LENOVO T410 1ST GEN I5 2.4G 8GB 256GB DVD W10P
ELECTRONICS	LENOVO T410 1ST GEN I5 2.4G 8GB 750GB DVD W10H
ELECTRONICS	LENOVO T420 2ND GEN I5 2.3G 4GB 320GB DVD W10P
ELECTRONICS	LENOVO T420 2ND GEN I5 2.5G 16GB 256GB DVD W10P
ELECTRONICS	LENOVO T420 2ND GEN I5 2.5G 4GB 128GB DVD W7P
ELECTRONICS	LENOVO T420 2ND GEN I5 2.5G 4GB 750GB DVD W10H
ELECTRONICS	LENOVO T420 2ND GEN I5 2.5G 8GB 128GB DVD 7HP
ELECTRONICS	LENOVO T420 2ND GEN I5 2.5G 8GB 256GB DVD W10P
ELECTRONICS	LENOVO T420 2ND GEN I5 2.5G 8GB 750GB DVD W10H
ELECTRONICS	LENOVO T430 3RD GEN I5 2.5G 4GB 320GB DVD W10P
ELECTRONICS	LENOVO T430 3RD GEN I5 2.6G 16GB 256GB DVD W10P
ELECTRONICS	LENOVO T430 3RD GEN I5 2.6G 4GB 128GB DVD W7P
ELECTRONICS	LENOVO T430 3RD GEN I5 2.6G 4GB 750GB DVD W10H
ELECTRONICS	LENOVO T430 3RD GEN I5 2.6G 8GB 128GB DVD 7HP
ELECTRONICS	LENOVO T430 3RD GEN I5 2.6G 8GB 256GB DVD W10P
ELECTRONICS	LENOVO T430 3RD GEN I5 2.6G 8GB 750GB DVD W10H
ELECTRONICS	LENOVO T430S 3RD GEN I5 2.6G 8GB 180GB DVRW W7P
ELECTRONICS	LENOVO T430S 3RD GEN I5 2.6G 8GB 256GB DVRW W10P
ELECTRONICS	LENOVO T510 1ST GEN I5 2.4G 4GB 128GB DVD W7P
ELECTRONICS	LENOVO T510 1ST GEN I5 2.4G 4GB 320GB DVD W10P
ELECTRONICS	LENOVO T510 1ST GEN I5 2.4G 4GB 500GB DVD 7HP
ELECTRONICS	LENOVO T510 1ST GEN I5 2.4G 8GB 128GB DVD W10P
ELECTRONICS	LENOVO T510 1ST GEN I5 2.4G 8GB 256GB DVD W10P
ELECTRONICS	LENOVO T510 1ST GEN I5 2.4G 8GB 750GB DVD W10H
ELECTRONICS	LENOVO T520 2ND GEN I5 2.3G 4GB 320GB DVD W10P
ELECTRONICS	LENOVO T520 2ND GEN I5 2.5G 16GB 256GB DVD W10P
ELECTRONICS	LENOVO T520 2ND GEN I5 2.5G 4GB 128GB DVD W7P
ELECTRONICS	LENOVO T520 2ND GEN I5 2.5G 4GB 500GB DVD W10H
ELECTRONICS	LENOVO T520 2ND GEN I5 2.5G 8GB 128GB DVD W10P
ELECTRONICS	LENOVO T520 2ND GEN I5 2.5G 8GB 256GB DVD W7P
ELECTRONICS	LENOVO T520 2ND GEN I5 2.5G 8GB 750GB DVD W10H
ELECTRONICS	LENOVO T530 3RD GEN I5 2.5G 4GB 320GB DVD W10P
ELECTRONICS	LENOVO T530 3RD GEN I5 2.6G 16GB 256GB DVD W10P
ELECTRONICS	LENOVO T530 3RD GEN I5 2.6G 4GB 128GB DVD W7P
ELECTRONICS	LENOVO T530 3RD GEN I5 2.6G 4GB 500GB DVD W10H
ELECTRONICS	LENOVO T530 3RD GEN I5 2.6G 8GB 128GB DVD W10P
ELECTRONICS	LENOVO T530 3RD GEN I5 2.6G 8GB 256GB DVD W7P
ELECTRONICS	LENOVO T530 3RD GEN I5 2.6G 8GB 750GB DVD W10H
ELECTRONICS	LENOVO W520 2ND GEN I7 2.4G 16GB 256GB DVD W10P
ELECTRONICS	LENOVO W520 2ND GEN I7 2.4G 8GB 750GB DVRW W7P
ELECTRONICS	LENOVO W530 3RD GEN I7 2.6G 16GB 256GB DVRW W7P
ELECTRONICS	LENOVO W530 3RD GEN I7 2.6G 8GB 180GB DVRW W10P
ELECTRONICS	LENOVO X220 2ND GEN I5 2.3G 4GB 320GB NOODD W10P
ELECTRONICS	LENOVO X220 2ND GEN I5 2.5G 16GB 256GB NOODD W10P
ELECTRONICS	LENOVO X220 2ND GEN I5 2.5G 4GB 128GB NOODD W7P
ELECTRONICS	LENOVO X220 2ND GEN I5 2.5G 4GB 750GB NOODD W10H
ELECTRONICS	LENOVO X220 2ND GEN I5 2.5G 8GB 128GB NOODD 7HP
ELECTRONICS	LENOVO X220 2ND GEN I5 2.5G 8GB 256GB NOODD W10P
ELECTRONICS	LENOVO X220 2ND GEN I5 2.5G 8GB 750GB NOODD W10H
ELECTRONICS	LENOVO X230 3RD GEN I5 2.5G 4GB 320GB NOODD W10P
ELECTRONICS	LENOVO X230 3RD GEN I5 2.6G 16GB 256GB NOODD W10P
ELECTRONICS	LENOVO X230 3RD GEN I5 2.6G 4GB 128GB NOODD W7P
ELECTRONICS	LENOVO X230 3RD GEN I5 2.6G 4GB 750GB NOODD W10H
ELECTRONICS	LENOVO X230 3RD GEN I5 2.6G 8GB 128GB NOODD 7HP
ELECTRONICS	LENOVO X230 3RD GEN I5 2.6G 8GB 256GB NOODD W10P
ELECTRONICS	LENOVO X230 3RD GEN I5 2.6G 8GB 750GB NOODD W10H
ELECTRONICS	DELL LATITUDE E6430 3RD GEN I5 8GB DDR3 256GB SSD 14IN 7PRO
ELECTRONICS	INGRAM CPO HP E6430 I5 2.4G 4GB 320GB DVD/R W7P
ELECTRONICS	INGRAM CERT PRE-OWNED SAMSUNG EXYNOS 2G 16G SSD 11.6IN CHROME OS
ELECTRONICS	CPO LATITUDE E6430 3RD GEN I5 8GB RAM 320GB HD DRW 7P CAM
ELECTRONICS	DELL LATITUDE E6430 3RD GEN I5 2.6GHZ 8GB 128GB SSD W7P HDMI
ELECTRONICS	HP ELITE FOLIO 9470M ULTRABOOK 3RD GEN I5 8GB 128 SSD WEBCAM 7PRO
ELECTRONICS	HP PROBOOK 6470N 3RD GEN I5 2.6GHZ 4GB 320GB DVDRW WEBCAM 7PRO
ELECTRONICS	INGRAM CERTIFIED PRE-OWNED E6430 I5 2.6 8192 250SSD 14 10P
ELECTRONICS	CORE I5 1.9GHZ 8GB LENOVO T440 120GB INGRAM CERTIFIED PRE-OWNED
ELECTRONICS	IM CERT PRE-OWNED LENOVO T440 I5-4300U 8G/180G SSD/NOODD/WIN10PR0
ELECTRONICS	REFURB HP ELITEBOOK 8570P 2.6G I7-3720QM 8GB 128G SSD DVDRW W7P64
ELECTRONICS	REFURB IM CERT PRE-OWNED LENOVO THINKPAD T530 I5 2.5G 320 15.6IN
ELECTRONICS	840 G1 I5-4300U HP ELITEBOOK ULTRABOOK 1.9GHZ-4GB-320GB-10PRO64
ELECTRONICS	T430 I5-3320M LENOVO THINKPAD 2.6GHZ-4GB MEM-320GB HD-DRW-10PRO64
ELECTRONICS	INGRAM CERTIFIED PRE-OWNED DELL LAT E6430 I5 3.2 2.5 128 14IN
ELECTRONICS	INGRAM CERTIFIED PRE-OWNED HP 8460P I5 2.5 4 320 14IN W10P
ELECTRONICS	DELL LATITUDEE7440ULTRA I54300U 1.9G 8GB MEM 256 SSD-10PRO64 14IN
ELECTRONICS	LATITUDE E7440 ULTRA I7 4600U 2.1G 8GB MEM 256 SSD-10PRO64 14IN
ELECTRONICS	DELLLATITUDEE7240ULTRA I5 4300U 1.9G 8GB MEM 256 SSD-10PRO64 12.5IN
ELECTRONICS	LATITUDE E7240 ULTRA I7 4600U 2.1G 8GB MEM 256 SSD-10PRO64 12.5IN
ELECTRONICS	DELL XPS L321X 2ND GEN I5 1.6G 4GBMEM128 SSD-CAM-10PRO64 13.3
ELECTRONICS	DELL LATITUDE E6440 I5-2467 2.6GHZ-8GBMEM 500GB HD-10PRO64 14IN
ELECTRONICS	INGRAM CERTIFIED PRE-OWNED DELL E7440 256 NOOD 1YR EXT WARNTY
ELECTRONICS	IM CPO DELL E6330 I5 2.6GHZ 4GB 320GB DVD 13.3IN WIN10 P64
ELECTRONICS	IM CPO DELL E6430 I5 2.5GHZ 4GB 320GB DVD 14IN WIN10 P64
ELECTRONICS	IM CPO DELL E6430S I7 2.9GHZ 4GB 180GB SSD DVD 14IN WIN10P64 CAM
ELECTRONICS	IM CPO DELL E6440 I5 2.6GHZ 8GB 500GB DVDRW 14IN WIN10 P64
ELECTRONICS	IM CPO DELL E7240 I7 2.1GHZ 8GB 256SSD 12.5IN TOUCH SCREEN WIN10P64
ELECTRONICS	IM CPO DELL E7240 I5 1.9GHZ 8GB 256 SSD 12.5IN WIN10P64 CAM
ELECTRONICS	IM CPO DELL E7440 I7 2.1GHZ 8GB 256SSD 14IN TOUCH SCREEN WIN10P64
ELECTRONICS	IM CPO DELL E7440 I5 1.9GHZ 8GB 256SSD NO ODD 14IN WIN10P64 CAM
ELECTRONICS	IM CPO DELL L321X I5 1.6GHZ 4GB 128SSD NO ODD 13.3IN WIN10P CAM
ELECTRONICS	IM CPO HP 2560P I5 2.5GHZ 4GB 320GB DVD 12.5IN WIN10P64
ELECTRONICS	IM CPOHP 2570P I5 2.6GHZ 4GB 320GB DVD 12.5IN WIN10P64
ELECTRONICS	IM CPO HP 840 G1 I5 1.9GHZ 4GB 320GB NO ODD 14IN WIN10P64
ELECTRONICS	IM CPO HP 8460P I5 2.5GHZ 4GB 320GB DVD 14IN WIN10 P64
ELECTRONICS	IM CPO HP 8470P I5 2.6GHZ 4GB 320GB DVD 14IN WIN10 P64
ELECTRONICS	IM CPO HP 9470M I5 1.819HZ 4GB 320GB NO ODD 14IN WIN10P64 CAM
ELECTRONICS	IM CPO LENOVO L440 I5 2.6GHZ 4GB 180SSD NO ODD 14IN WIN10P64
ELECTRONICS	IM CPO LENOVO T430 I5 2.6GHZ 4GB 320GB DVD 14IN WIN10 P64
ELECTRONICS	IM CPO LENOVO T530 I5 2.6GHZ 4GB 500GB DVD 15.6IN WIN10 P64
ELECTRONICS	IM CPO LENOVO X131E CHROMEBOOK CELERON 1.5GZ 4GB 16GSSD 11.5IN CAM
ELECTRONICS	HP 6470B 3RD GEN I5 2.6G 4GB 250GB DVD W10P
ELECTRONICS	HP 6470B 3RD GEN I5 2.6G 4GB 128GB DVD W10P
ELECTRONICS	HP 9470M 3RD GEN I5 1.8G 8GB 128GB NOODD W10P
ELECTRONICS	DELL 3330 CELERON 1.6G 4GB 250GB NOODD W10P
ELECTRONICS	DELL 3330 CELERON 1.6G 4GB 120GB NOODD W10P
ELECTRONICS	LENOVO T420 2ND GEN I5 2.5G 4GB 250GB DVD W10P
ELECTRONICS	LENOVO T420 2ND GEN I5 2.5G 4GB 128GB DVD W10P
ELECTRONICS	HP 8470P 3RD GEN I5 2.6G 4GB 250GB DVD W10P
ELECTRONICS	HP 8470P 3RD GEN I5 2.6G 4GB 500GB DVD W10P
ELECTRONICS	DELL E5430 3RD GEN I5 2.5G 4GB 250GB DVD W10P
ELECTRONICS	DELL E5430 3RD GEN I5 2.5G 4GB 128GB DVD W10P
ELECTRONICS	DELL E6430 3RD GEN I5 2.6G 4GB 250GB DVD W10P
ELECTRONICS	DELL E6430 3RD GEN I5 2.6G 4GB 128GB DVD W10P
ELECTRONICS	HP 2560P 2ND GEN I5 2.5G 4GB 250GB DVD W10P
ELECTRONICS	DELL E6320 2ND GEN I3 2.1G 4GB 250GB DVD W10P
ELECTRONICS	LENOVO X1 3RD GEN I5 1.8G 8GB 180GB NOODD W10P
ELECTRONICS	DELL E7240 4TH GEN I7 2.1G 8GB 256GB NOODD W10P
ELECTRONICS	DELL M4700 3RD GEN I7 2.6G 16GB 256GB DVRW W10P
ELECTRONICS	LENOVO THINKPAD L430 3RD GEN I5 4GB RAM 320GB HDD DVD W10P
ELECTRONICS	INGRAM CERTIFIED PRE OWNED THINKPAD L430 3GEN I5 4GB 320GB
ELECTRONICS	INGRAM CERTIFIED PRE OWNED HP ELITEBOOK 840 G1 4GEN I7 8GB 240GB
ELECTRONICS	DELL LATITUDE E6430 3RD GEN I5 4GB DDR3 320GB HDD 14IN 10PRO
ELECTRONICS	HP ELITEBOOK 2570P 3RD GEN I5 4GB DDR3 320GB HDD 12.5IN 10PRO
ELECTRONICS	HP ELITEBOOK 840 G1 4TH GEN I5 4GB DDR3 320GB HDD 14IN 10PRO
ELECTRONICS	HP ELITEBOOK 8470P 3RD GEN I5 4GB DDR3 320GB HDD 14IN 10PRO
ELECTRONICS	LENOVO THINKPAD T430 3RD GEN I5 4GB DDR3 320GB HDD 14IN 10PRO
ELECTRONICS	INGRAM CERTIFIED PRE-OWNED 22IN DELL MONITOR
ELECTRONICS	INGRAM CERTIFIED PRE-OWNED REFURB DELL P1913SF 19IN LCD MNTR
ELECTRONICS	IM CERT PRE-OWNED DELL 17IN 1708FPF LCD MONITOR
ELECTRONICS	INGRAM CPO LENOVO MIXED MODEL 18IN
ELECTRONICS	INGRAM CPO LENOVO MIXED MODEL 19IN
ELECTRONICS	INGRAM CPO LENOVO MIXED MODEL 20IN
ELECTRONICS	INGRAM CPO LENOVO MIXED MODEL 22IN
ELECTRONICS	INGRAM CPO DELL MIXED MODEL 17IN
ELECTRONICS	INGRAM CPO DELL MIXED MODEL 19IN
ELECTRONICS	INGRAM CPO DELL MIXED MODEL 22IN
ELECTRONICS	INGRAM CPO HP MIXED MODEL 19IN
ELECTRONICS	INGRAM CPO HP MIXED MODEL 30IN
ELECTRONICS	INGRAM CPO SAMSUNG MIXED MODEL 17IN
ELECTRONICS	INGRAM CPO SAMSUNG MIXED MODEL 19IN
ELECTRONICS	INGRAM CPO SAMSUNG MIXED MODEL 19IN
ELECTRONICS	INGRAM CPO NEC MIXED MODEL 22IN
ELECTRONICS	INGRAM CPO PHILIPS MIXED MODEL 19IN
ELECTRONICS	INGRAM CPO VIEWSONIC MIXED MODEL 17IN
ELECTRONICS	INGRAM CPO ACER MIXED MODEL 17IN
ELECTRONICS	INGRAM CPO EIZO MIXED MODEL 19IN
ELECTRONICS	INGRAM CPO HYUNDAI MIXED MODEL 22IN
ELECTRONICS	DELL POWER SUPPLY 502W
ELECTRONICS	INGRAM CERTIFIED PRE-OWNED DELL HARD DRIVE 73GB 15K RPM 2.5IN
ELECTRONICS	IM CERT PREOWNED HP MSM430 DUAL RADIO 802.11N AP AM POE ACS PT
ELECTRONICS	500GB SATA 7.2K RPM 32MB 3.5IN
ELECTRONICS	500GB SATA 7.2K RPM 16MB 3.5IN
ELECTRONICS	NEW IMICRO USB KEYBOARD/MOUSE 107 KEYS KEYBOARD USB OPTICAL MOUSE
ELECTRONICS	2008 120W DOCKING STATION 4XUSB PORTS NTWK RJ-45 AUDIO LINE IN/OUT
ELECTRONICS	LENOVO THINKPAD L430 14IN LED 3RD GEN I5 2.6 8GB 128GB SSD W7P
ELECTRONICS	17IN REFURB LCD LA1751G HP INGRAM CERTIFIED PRE OWNED
ELECTRONICS	19IN REFURB LCD LA1951G HP INGRAM CERTIFIED PRE OWNED
ELECTRONICS	HP 23IN LED BACKLIT MONITOR VGA DVDI-D DISPLAY PORT
ELECTRONICS	DELL LATITUDE 3350 5TH GEN I3 4GB RAM 500GB HD WEBCAM NO OS
ELECTRONICS	200GB SSD HDD 6GB/S SAS 2.5IN
ELECTRONICS	HP LE1711 17 REFURBISHED LCD 5:41280X1024 VGA
ELECTRONICS	HP LE1911 19 REFURBISHED LCD 5:41280X1024 VGA
ELECTRONICS	EMULEX 2CH 8GB PCIE FC HBA
ELECTRONICS	IM CERT PREOWNED LENOVO THINKVISION LT2223P 21.5IN LED BL
ELECTRONICS	900MHZ SPECTRALINK 6020 HANDSET INGRAM CERTIFIED PRE-OWNED
ELECTRONICS	500GB 3.0GBPS 7.2K RPM 16MB 3.5IN
ELECTRONICS	INGRAM CERTIFIED PRE-OWNED CABLE R610/R710 SAS-A/SAS-B H700
ELECTRONICS	16GB DDR4 DIMM 288PIN INGRAM CERT PRE-OWNED SAMSUNG
ELECTRONICS	INGRAM CERTIFIED PRE-OWNED 8GB 2RX4 PC3L-10600R LOW VOLTAGE
ELECTRONICS	16GB PC3-12800 DRX4 REG 3YR WARR
ELECTRONICS	16GB PC3-12800 DRX4 REG LV 3YR WARR
ELECTRONICS	4GB DDR3 1X4GB SDRAM
ELECTRONICS	INGRAM MICRO CERTIFIED PREOWNED MEMORY 8GB 2RX4 PC2 5300F
ELECTRONICS	IM CERT PREOWNED SAMSUNG GALAXY TAB A 8IN 16GB-WIFI SMOKY TITANIUM
ELECTRONICS	TOSHIBA 2TB SAS 7200 RPM 3.5IN
ELECTRONICS	REFURB SLIMLINE DVD ROM FOR R SERIES
ELECTRONICS	REFURB SAMSUNG 840 SERIES 128GB 2.5IN 128GB SATA 6.0GB/S SSD
ELECTRONICS	300GB SAS 3GBPS 15K 3.5IN
ELECTRONICS	HP SPECTRE X2 12-A001DX 128GB SLVR INGRAM CERTIFIED PRE-OWNED
ELECTRONICS	INGRAM CERTIFIED PRE-OWNED HP Z400 Z600 Z800 XEON PROCESSO
ELECTRONICS	INGRAM CERTIFIED PRE-OWNED NORTEL T7316E IP PHONE REFURB
ELECTRONICS	NORTEL 1110E REFURB
ELECTRONICS	NORTEL 1120E REFURB
ELECTRONICS	AVAYA 1120E IP DESKPHONE NTYS03BFE6
ELECTRONICS	NORTEL 1150E IP DESKPHONE
ELECTRONICS	INGRAM CERTIFIED PRE-OWNED DELL BATTERY FOR PERC 5I RAID CARD
ELECTRONICS	INGRAM CERTIFIED PRE-OWNED HP PROBOOK 6470B I5 2.6 4GB 500GB
ELECTRONICS	OPTIPLEX 990 DT MOTHERBOARD CPO REPLACEMENT
ELECTRONICS	DELL P170S 17IN REFURBISHED LCD 1280X1024 VGA DVIINGRAMCPO
ELECTRONICS	19IN P1914S LED MONITOR IPS 1280 X 1024 -DVI-VGA-DISPLAY PORT
ELECTRONICS	22IN P2214H LED MONITOR IPS 1920 X 1080- DVI-VGA-DISPLAY PORT
ELECTRONICS	REFURB E-PORT PLUS PORT REPLICATOR WITH USB 3.0
ELECTRONICS	REFURB PRO/1000 MT DUAL PORT SVR ADAPT
ELECTRONICS	HP 9050DN WITH TONER CARTRIDGE
ELECTRONICS	REFURB HP 4250N WITH TONER CARTRIDGE
ELECTRONICS	HP 4250TN WITH TONER CARTRIDGE
ELECTRONICS	HP 4250DTN WITH TONER CARTRIDGE
ELECTRONICS	450GB SAS 6GBPS 15000RPM 16MB
ELECTRONICS	INGRAM CERTIFIED PRE-OWNED RTG 128GB 2.5IN INTERNAL SATA SSD
ELECTRONICS	INGRAM CERTIFIED PRE-OWNED RTG 1GB PC-2100 DDR-266
ELECTRONICS	INGRAM CERTIFIED PRE-OWNED RTG 2GB DDR2 SDRAM 800 MHZ 200PIN
ELECTRONICS	CISCO RV180W 800 MBPS 4PORT GIGABIT WRLS N ROUTER
ELECTRONICS	INGRAM CERT PRE-OWNED SAMSUNG 24IN WIDE-S HDMI LED BCKLT LCD MNTR
ELECTRONICS	INGRAM CERT PRE-OWNED SAMSUNG 24IN HDMI LED BACKLIT LCD MNTR
ELECTRONICS	IM CERT PREOWNED SAMSUNG GALAXY NOTE 3 - SPRINT NETWORK
ELECTRONICS	SAMSUNG GALAXY TAB E LITE 7.0IN 8GB WI-FI WHITE REFURBISHED
ELECTRONICS	SAMSUNG GALAXY TAB E LITE 7.0IN 8GB WI-FI BLACK REFURBISHED
ELECTRONICS	SAMSUNG GALAXY TAB 4 7.0IN 8GB WI-FI BLACK REFURBISHED
ELECTRONICS	SAMSUNG GALAXY TAB 4 7.0IN 8GB WI-FI WHITE REFURBISHED
ELECTRONICS	SAMSUNG GALAXY TAB A 7.0IN 8GB WI-FI BLACK REFURBISHED
ELECTRONICS	SAMSUNG GALAXY TAB A 7.0IN 8GB WI-FI WHITE REFURBISHED
ELECTRONICS	SAMSUNG GALAXY TAB 4 8.0IN WI-FI+4G LTE-16GB AT&T WHITE RF
ELECTRONICS	SAMSUNG GALAXY TAB 4 8.0IN WI-FI+4G-16GB VERIZON BLACK RF
ELECTRONICS	SAMSUNG GALAXY TAB A 8.0IN 16GB WI-FI SMOKY TITANIUM RF
ELECTRONICS	SAMSUNG GALAXY TAB A 8.0IN 16GB WI-FI WHITE REFURBISHED
ELECTRONICS	SAMSUNG GALAXY TAB A 9.7IN 16GB WI-FI SMOKY TITANIUM RF
ELECTRONICS	SAMSUNG GALAXY TAB E 9.6IN 16GB VERIZON BLACK REFURBISHED
ELECTRONICS	INGRAM CERTIFIED PRE-OWNED 10GBASE-LR SFP+ TRANSCEIVER
ELECTRONICS	INGRAM CERTIFIED PRE-OWNED SAMSUNG 10.1 TAB 4 ANDROID 5.0
ELECTRONICS	SAMSUNG REFURBISHED 8IN 16GB KIT KAT REFURBISHED
ELECTRONICS	REFURB 8GB 1X8GB 1333MHZ PC3-10600
ELECTRONICS	CISCO SPA 303G 3-LINE IP PHONE WITH US POWER SUPPLY
ELECTRONICS	CISCO SMALL BUSINESS SRP521W-U WRLS ROUTER
ELECTRONICS	CISCO SRP541W 54MBPS 4PORT GIGABIT WRLS N ROUTER
ELECTRONICS	1TB SATA HDD 7200RPM 64MB 3.5IN
ELECTRONICS	REFURB 1TB SATA 7200 RPM 3.5IN 32MB BUFFER
ELECTRONICS	1TB SEAGATE BARRACUDA HD SATA 6GB/S 7200 RPM 32MB 3.5IN
ELECTRONICS	1TB SATA HDD 7200RPM 32MB 3.5IN
ELECTRONICS	146GB SAS 3GBPS 15K RPM 16MB 3.5IN
ELECTRONICS	160GB 3.5IN SATA 7200 8MB
ELECTRONICS	160GB SATA 7.2K RPM 3.5IN
ELECTRONICS	2TB SATA 7200RPM 64MB 3.5IN
ELECTRONICS	IM CERT PRE-OWNED SEAGATE HAWK 2.1GB INT HDD 3.5IN
ELECTRONICS	CHEETAH T10 300GB 15K RPM 10K
ELECTRONICS	300GB SAS 15000 RPM 3.5IN 16MB
ELECTRONICS	300GB SAS 15000 RPM 16MB 3.5IN
ELECTRONICS	300GB SAS 15K.7 16MB 3.5IN
ELECTRONICS	450GB SEAGATE CHEETAH HD SAS 15000RPM 16MB 3.5IN INT BUFFER
ELECTRONICS	500GB 6GBPS 7200RPM 16MB 3.5IN
ELECTRONICS	500GB SEAGATE BARRACUDA SATA 3GB/S 7200RPM 16MB CACHE 3.5IN
ELECTRONICS	SEAGATE CONSTELLATION ES 500GB SATA 7200RPM 3.5IN INT HD
ELECTRONICS	500GB SATA 7200RPM 16MB 3.5IN
ELECTRONICS	600GB 15K RPM 16MB SAS 6GBS 3.5
ELECTRONICS	500GB SATA 7200 RPM 64MB 3.5IN
ELECTRONICS	REFURB 300GB 10K 16MB 2.5IN SAS
ELECTRONICS	300GB SAS 10K RPM 64MB 2.5IN
ELECTRONICS	500GB SEAGATE MOMENTUS SATA HD 7200RPM 16MB 2.5IN BUFFER
ELECTRONICS	500GB MOMENTUS 7200 RPM 2.5IN FDE INT HD
ELECTRONICS	500GB MOMENTUS SATA 7200 RPM 16MB BUFFER 2.5IN INT HD
ELECTRONICS	SEAGATE CONSTELLATION ES 500GB HD SATA 7200RPM 3.5IN INT 32MB BUFF
ELECTRONICS	500GB SATA 7.2K RPM 6GBPS 2.5
ELECTRONICS	REFURB 600GB SAS 6GB/S 10K RPM 16MB
ELECTRONICS	REFURB 600GB SAS 6GB/S 10K RPM 64MB
ELECTRONICS	REFURB 900GB SAS 10K RPM 64MB 2.5IN
ELECTRONICS	YEALINK T20P IP PHONE SIP-T20P
ELECTRONICS	LENOVO THNKPAD T420 2ND GEN I5 8GBRAM 320GBHDD DVDRW 7PRO
ELECTRONICS	LENOVO THNKPAD T420 2ND GEN I5 2.5 4GBRAM 250GBHDD DVDRW 7PRO
ELECTRONICS	LENOVO THINKPAD T430 3RD GEN I5 2.6GHZ 8GB 128GB SSD DVD 10PRO
ELECTRONICS	450GB 3.5IN SAS 15000 64 MB
ELECTRONICS	INGRAM CERTIFIED PRE-OWNED 22IN DELL MONITOR
ELECTRONICS	INGRAM CERT PRE-OWNED VIEWSONIC 21.5IN LCD 1080P VGA&DVI B/I SPKRS
ELECTRONICS	IM CERT PRE-OWNED VIEWSONIC 21.5IN LED 1920X1080 VA2265SMH
ELECTRONICS	1PORT MULTIFLEX TRUNK VOICE/WAN
ELECTRONICS	2PORT T1/E1 MULTIFLEX TRUNK VOICE WAN INTERFACE CARD
ELECTRONICS	T1 VOICE AND WAN INTERFACE CARD 2X T1 WAN
ELECTRONICS	INGRAM CERTIFIED PRE-OWNED DELL 600GB SAS 15K 3.5IN HDD
ELECTRONICS	600GB SAS 6GB/S 15K
ELECTRONICS	REFURB YEALINK W52P DECT SIP CORDLESS PHONE WITH BASE STATION
ELECTRONICS	WD 1TB 3.5IN INTERNAL HDD SATA 7200RPM 32MB BUFFER
ELECTRONICS	INGRAM MICRO CERTIFIED PRE-OWNED DRIVE 1TB 7200 RPM 64MB
ELECTRONICS	INGRAM MICRO CERTIFIED PREOWNED 1TB SATA 5400
ELECTRONICS	WD BLUE 160GB 3.5IN IDE 7200RPM
ELECTRONICS	INGRAM MICRO CERTIFIED PREOWNED 160GB SATA 7200
ELECTRONICS	2TB WESTERN DIGITAL RE4-GP SATA 3GB/S 7200 RPM 64MB CACHE
ELECTRONICS	INGRAM MICRO CERTIFIED PREOWNED DRIVE 2.0 TB SATA
ELECTRONICS	REFURB 2TB SATA 6GB/S 64MB CACHE 3.5IN
ELECTRONICS	250GB SATA 7.2K RPM 3.5IN
ELECTRONICS	INGRAM MICRO CERTIFIED PRE-OWNED 320GB SATA 7200
ELECTRONICS	INGRAM MICRO CERTIFIED PRE-OWNED 320GB SATA 5400
ELECTRONICS	500GB SATA 7.2K RPM 3.5IN
ELECTRONICS	INGRAM MICRO CERTIFIED PRE-OWNED 500GB SATA 5400
ELECTRONICS	REFURB 500GB SATA 6G 7200 RPM 3.5IN
ELECTRONICS	500GB SATA 7.2K RPM 16MB 3.5IN
ELECTRONICS	T1 DSU/CSU WAN INTERFACE CARD 1X T1 WAN
ELECTRONICS	INGRAM CERTIFIED PRE-OWNED SWITCH 48PORT W/ 2 FIXED
ELECTRONICS	INGRAM CERTIFIED PRE-OWNED CATALYST 2960 24 10/100 LAN LITE
ELECTRONICS	INGRAM CERTIFIED PRE-OWNED CATALYST 2960 24 10/100 + 2T/SFP LA
ELECTRONICS	CISCO CATALYST 2960-24TC-S ENET SW 2XSFP 24X10/100BASE-TX 2X
ELECTRONICS	INGRAM CERTIFIED PRE-OWNED CATALYST 2960 24 10/100 + 2 1000BT
ELECTRONICS	INGRAM CERTIFIED PRE-OWNED CATALYST 2960 48 10/100 POE + 2 100
ELECTRONICS	INGRAM CERTIFIED PRE-OWNED CATALYST 2960 SWITCH 48 10/100 POE
ELECTRONICS	INGRAM CERTIFIED PRE-OWNED CAT2960 8PORT 10/100+1 T/SF
ELECTRONICS	INGRAM CERTIFIED PRE-OWNED CATALYST 2960 24 10/100/1000 4 T/S
ELECTRONICS	INGRAM CERTIFIED PRE-OWNED CATALYST 2960 48 10/100
ELECTRONICS	INGRAM CERTIFIED PRE-OWNED CATALYST 2960 7 10/100
ELECTRONICS	CATALYST WS-C2960S-24TS-L SWTCH
ELECTRONICS	INGRAM CERTIFIED PRE-OWNED SWITCH CATALYST 24PORT
ELECTRONICS	INGRAM CERTIFIED PRE-OWNED CATALYST 3560 24 10/100
ELECTRONICS	INGRAM CERTIFIED PRE-OWNED SWITCH CATALYST 48 ENET
ELECTRONICS	INGRAM CERTIFIED PRE-OWNED CATALYST 3560 24 10/100
ELECTRONICS	INGRAM CERTIFIED PRE-OWNED CATALYST 3560 48 10/100
ELECTRONICS	INGRAM CERTIFIED PRE-OWNED CATALYST 3560 48 10/100
ELECTRONICS	CISCO 3750-24PS LAYER3 SWITCH MANAGEABLE 24XPOE 2XEXPANSION SLOTS
ELECTRONICS	CISCO CATALYST 3750-24TS STACKABLE ENET SWITCH 24X 10/100TX
ELECTRONICS	INGRAM CERTIFIED PRE-OWNED CATALYST 3750 48 10/100
ELECTRONICS	INGRAM CERTIFIED PRE-OWNED CATALYST 3750 12 SFP
ELECTRONICS	CISCOCATALYST 3750G-24PS SWITCH POE - 24 X 10/100/1000BASE-T
ELECTRONICS	INGRAM CERTIFIED PRE-OWNED CATALYST 3750 24 10/100/1000 + 4 SF
ELECTRONICS	INGRAM CERTIFIED PRE-OWNED SWITCH CATALYST 3750 24
ELECTRONICS	INGRAM CERTIFIED PRE-OWNED CATALYST 3750 48 10/100/1000T POE+
ELECTRONICS	INGRAM CERTIFIED PRE-OWNED CATALYST 3750 48 10/100
ELECTRONICS	INGRAM CERTIFIED PRE-OWNED CISCO1000BTGBIC
ELECTRONICS	INGRAM CERTIFIED PRE-OWNED 1000BSX SHORT WAVELENGTH GBIC
ELECTRONICS	INGRAM CERTIFIED PRE-OWNED CAT 6500/CISCO 7600 SUP 720
ELECTRONICS	INGRAM CERTIFIED PRE-OWNED CATALYST 6500/CISCO 7600
ELECTRONICS	INGRAM CERTIFIED PRE-OWNED CATALYST 4500 SUPERVISOR
ELECTRONICS	INGRAM CERTIFIED PRE-OWNED CATALYST 4500 POE+ READY
ELECTRONICS	INGRAM CERTIFIED PRE-OWNED CATALYST 4500 E-SERIES SUP 6-E 2X10
ELECTRONICS	RF INGRAM CERTIFIED PRE-OWNED CATALYST 6500 48PORT POE 10/100/100
ELECTRONICS	INGRAM CERTIFIED PRE-OWNED MODULE CATALYST 6000 GIG
ELECTRONICS	INGRAM CERTIFIED PRE-OWNED CISCO CAT 6500 MOD
ELECTRONICS	INGRAM MICRO CERTIFIED PREOWNED X4170 BASE CHASSIS
ELECTRONICS	1TB 72K 3GB SATA DRIVE ES20
ELECTRONICS	SAS6/IR INTEGRATED SAS CTLR CARD
ELECTRONICS	300GB SAS 3GBPS 15000RPM 3.5IN
ELECTRONICS	INGRAM CERTIFIED PRE-OWNED HP 17-X023DS 10H 1.6GHZ 1TB 4GB
BEAUTY	MAC LUSTRE LIPSTICK
BEAUTY	MAC LUSTRE LIPSTICK
BEAUTY	MAC LUSTRE LIPSTICK
BEAUTY	MAC LUSTRE LIPSTICK
BEAUTY	MAC LUSTRE LIPSTICK
BEAUTY	MAC LUSTRE LIPSTICK
BEAUTY	MAC LUSTRE LIPSTICK
BEAUTY	MAC LUSTRE LIPSTICK
BEAUTY	MAC LUSTRE LIPSTICK
BEAUTY	ESTEE LAUDER ARTIST'S EYE PENCIL
BEAUTY	ESTEE LAUDER ARTIST'S EYE PENCIL
BEAUTY	ESTEE LAUDER ARTIST'S EYE PENCIL
BEAUTY	ESTEE LAUDER ARTIST'S EYE PENCIL
BEAUTY	ESTEE LAUDER ARTIST'S LIP PENCIL
BEAUTY	ESTEE LAUDER ARTIST'S LIP PENCIL
BEAUTY	ESTEE LAUDER ARTIST'S LIP PENCIL
BEAUTY	ESTEE LAUDER ARTIST'S LIP PENCIL
BEAUTY	ESTEE LAUDER ARTIST'S LIP PENCIL
BEAUTY	ESTEE LAUDER ARTIST'S LIP PENCIL
BEAUTY	ESTEE LAUDER ARTIST'S LIP PENCIL
BEAUTY	ESTEE LAUDER MAGNASCOPIC MAXIMUM VOLUME MASCARA
BEAUTY	Chanel Le Crayon Yeux Blue Jean
BEAUTY	Chanel Les 4 Ombres Blue Notes
BEAUTY	Chanel Hydrabase Rouge A Levres
BEAUTY	Pearlie W Breathspray - Spearmint
BEAUTY	Pearlie W Breathspray - IcyMint
BEAUTY	BOBBI BROWN LIP BALM SPF 15
BEAUTY	KAARAL Kaaral Cream
BEAUTY	KAARAL Kaaral Cream
BEAUTY	KAARAL Kaaral Cream
BEAUTY	KAARAL Kaaral Cream
BEAUTY	KAARAL Kaaral Cream
BEAUTY	KAARAL Kaaral Cream
BEAUTY	KAARAL Kaaral Cream
BEAUTY	KAARAL Kaaral Cream
BEAUTY	KAARAL Kaaral Cream
BEAUTY	KAARAL Kaaral Cream
BEAUTY	KAARAL Kaaral Cream
BEAUTY	KAARAL Kaaral Cream
BEAUTY	KAARAL Kaaral Cream
BEAUTY	KAARAL Kaaral Cream
BEAUTY	KAARAL Kaaral Cream
BEAUTY	KAARAL Kaaral Cream
BEAUTY	KAARAL Kaaral Cream
BEAUTY	KAARAL Kaaral Cream
BEAUTY	KAARAL Kaaral Cream
BEAUTY	KAARAL Kaaral Cream
BEAUTY	KAARAL Kaaral Cream
BEAUTY	KAARAL Kaaral Cream
BEAUTY	KAARAL Kaaral Cream
BEAUTY	KAARAL Kaaral Cream
BEAUTY	KAARAL Kaaral Cream
BEAUTY	KAARAL Kaaral Cream
BEAUTY	KAARAL Kaaral Cream
BEAUTY	KAARAL Kaaral Cream
BEAUTY	KAARAL Kaaral Cream
BEAUTY	KAARAL Kaaral Cream
BEAUTY	KAARAL Kaaral Cream
BEAUTY	KAARAL Kaaral Cream
BEAUTY	KAARAL Kaaral Cream
BEAUTY	KAARAL Kaaral Cream
BEAUTY	KAARAL Kaaral Cream
BEAUTY	KAARAL Kaaral Cream
BEAUTY	CANMAKE EYE NUANCE
BEAUTY	CANMAKE EYE NUANCE
BEAUTY	COSME DECORTE AQ EYE CREAM MELIORITY
BEAUTY	EUCERIN Q10 ACTIVE EYE CREAM
BEAUTY	CLINIQUE LONG LAST LIPSTICK
BEAUTY	PUPA NEW CHIC
BEAUTY	PUPA NEW CHIC
BEAUTY	PUPA NEW CHIC
BEAUTY	PUPA NEW CHIC
BEAUTY	PUPA NEW CHIC
BEAUTY	PUPA NEW CHIC
BEAUTY	PUPA NEW CHIC
BEAUTY	PUPA NEW CHIC
BEAUTY	PUPA NEW CHIC
BEAUTY	PUPA NEW CHIC
BEAUTY	PUPA NEW CHIC
BEAUTY	PUPA NEW CHIC
BEAUTY	PUPA NEW CHIC
BEAUTY	PUPA NEW CHIC
BEAUTY	ORIGINS FULL STORY LUSH-LASH MASCARA
BEAUTY	Colour Creation Colour Creation Natural Black
BEAUTY	MAC LIPGLASS
BEAUTY	CLE DE PEAU BEAUTE LIP TREATMENT
BEAUTY	RED SUN DENTAL WHITENING STICK
BEAUTY	BIOLOGIE PIERRE BOUTIGNY EYE LOTION
BEAUTY	GODREJ NATURAL BROWN PERMANENT POWDER HAIR DYE SHAMPOO BASED
BEAUTY	BIOLOGIE PIERRE BOUTIGNY BLUE ALGAE EYE CREAM
BEAUTY	MAC POWERPOINT EYE PENCIL
BEAUTY	MAC POWERPOINT EYE PENCIL
BEAUTY	MAC POWERPOINT EYE PENCIL
BEAUTY	MAC POWERPOINT EYE PENCIL
BEAUTY	MAC POWERPOINT EYE PENCIL
BEAUTY	MAC POWERPOINT EYE PENCIL
BEAUTY	MAC POWERPOINT EYE PENCIL
BEAUTY	MAC SPLASHPROOF LASH
BEAUTY	MAC AMPLIFIED CREME LIPSTICK
BEAUTY	MAC AMPLIFIED CREME LIPSTICK
BEAUTY	MAC AMPLIFIED CREME LIPSTICK
BEAUTY	MAC AMPLIFIED CREME LIPSTICK
BEAUTY	MAC AMPLIFIED CREME LIPSTICK
BEAUTY	MAC AMPLIFIED CREME LIPSTICK
BEAUTY	MAC AMPLIFIED CREME LIPSTICK
BEAUTY	MAC AMPLIFIED CREME LIPSTICK
BEAUTY	MAC AMPLIFIED CREME LIPSTICK
BEAUTY	LONG-HEH PROPOLIS TOOTHPASTE
BEAUTY	Chanel Le Crayon Yeux Precision Eye Definer
BEAUTY	Chanel Les 4 Ombres Quadra Eye Shadow Spices
BEAUTY	Chanel Le Crayon Levres Precision Lip Definer Desert
BEAUTY	Chanel Levres Scintillantes Brillant Extreme Glossimer
BEAUTY	Chanel Levres Scintillantes Brillant Extreme Glossimer
BEAUTY	Chanel Hydrabase Rouge A Levres Creme Lipstick
BEAUTY	Chanel Hydrabase Rouge A Levres Creme Lipstick
BEAUTY	Chanel Rouge Hydrabase Creme Lipstick
BEAUTY	Chanel Hydrabase Rouge A Levres Creme Lipstick
BEAUTY	Chanel Systeme Purete La Gelee
BEAUTY	Chanel Systeme Eclat Le Lait
BEAUTY	Chanel Systeme Hydratation Le Lait
BEAUTY	ESTEE LAUDER RE-NUTRIV ULTIMATE LIFTING EYE CREME
BEAUTY	Derma -e Body Pycnogeno Eye Gel
BEAUTY	ORAL-B TOOTH & GUM CARE MOUTH RINSE
BEAUTY	Oral-B Stages Fluoride Toothpaste - Fruit Jungle
BEAUTY	Colgate Total Toothpaste - Fresh Stripe
BEAUTY	DR SPILLER BIOCOSMETICS EYE MAKE-UP REMOVER
BEAUTY	DENIVIT ANTI-STAIN
BEAUTY	BOURJOIS LINER STYLO
BEAUTY	Decleor Paris Eye Contour Firming Serum
BEAUTY	RHOMLON LIPSTICK
BEAUTY	RHOMLON LIPSTICK
BEAUTY	RHOMLON LIPSTICK
BEAUTY	LOLANE PERMANENT HAIR COLOUR CREAM
BEAUTY	LOLANE PERMANENT HAIR COLOUR CREAM
BEAUTY	LOLANE PERMANENT HAIR COLOUR CREAM
BEAUTY	LOLANE PERMANENT HAIR COLOUR CREAM
BEAUTY	LOLANE PERMANENT HAIR COLOUR CREAM
BEAUTY	LOLANE PERMANENT HAIR COLOUR CREAM
BEAUTY	LOLANE PERMANENT HAIR COLOUR CREAM
BEAUTY	LOLANE PERMANENT HAIR COLOUR CREAM
BEAUTY	LOLANE PERMANENT HAIR COLOUR CREAM
BEAUTY	LOLANE PERMANENT HAIR COLOUR CREAM
BEAUTY	LOLANE PERMANENT HAIR COLOUR CREAM
BEAUTY	LOLANE PERMANENT HAIR COLOUR CREAM
BEAUTY	LOLANE PERMANENT HAIR COLOUR CREAM
BEAUTY	By Terry Baume De Rose
BEAUTY	CLINIQUE HIGH IMPACT MASCARA
BEAUTY	CLINIQUE REPAIRWEAR INTENSIVE EYE CREAM
BEAUTY	CLINIQUE QUICKLINER FOR EYES
BEAUTY	BOBBI BROWN LIP GLOSS
BEAUTY	BOBBI BROWN LIP GLOSS
BEAUTY	BOBBI BROWN LIP COLOR
BEAUTY	BOBBI BROWN LIP COLOR
BEAUTY	BOBBI BROWN LIP COLOR
BEAUTY	TSUYA TSUYA long lasting mascara
BEAUTY	SHISEIDO MEN EYE SOOTHER
BEAUTY	MAC LUSTRE LIPSTICK
BEAUTY	MAC LUSTRE LIPSTICK
BEAUTY	MAC LUSTRE LIPSTICK
BEAUTY	MAC LUSTRE LIPSTICK
BEAUTY	MAC LUSTRE LIPSTICK
BEAUTY	MAC LUSTRE LIPSTICK
BEAUTY	MAC LUSTRE LIPSTICK
BEAUTY	MAC LUSTRE LIPSTICK
BEAUTY	Rhomlon Elegance Mini Matic Eye Shaper
BEAUTY	Rhomlon Elegance Mini Matic Eye Shaper
BEAUTY	Rhomlon Elegance Mini Matic Eye Shaper
BEAUTY	Rhomlon Elegance Mini Matic Eye Shaper
BEAUTY	Rhomlon Elegance Mini Matic Eye Shaper
BEAUTY	Rhomlon Elegance Mini Matic Eye Shaper
BEAUTY	AMELA AMELA LIPSTICK
BEAUTY	AMELA AMELA LIPSTICK
BEAUTY	AMELA AMELA LIPSTICK
BEAUTY	AMELA AMELA LIPSTICK
BEAUTY	AMELA AMELA LIPSTICK
BEAUTY	AMELA AMELA LIPSTICK
BEAUTY	AMELA AMELA LIPSTICK
BEAUTY	AMELA AMELA LIPSTICK
BEAUTY	AMELA AMELA LIPSTICK
BEAUTY	AMELA AMELA LIPSTICK
BEAUTY	AMELA AMELA LIPSTICK
BEAUTY	AMELA AMELA LIPSTICK
BEAUTY	LISTERINE COOL CITRUS LISTERINE ANTISEPTIC MOUTHWASH
BEAUTY	SEBAMED LIP DEFENSE SPF 25
BEAUTY	MAC LIP PENCIL
BEAUTY	MAC LIP PENCIL
BEAUTY	MAC LIP PENCIL
BEAUTY	MAC POWERPOINT EYE PENCIL
BEAUTY	MAC POWERPOINT EYE PENCIL
BEAUTY	MAC POWERPOINT EYE PENCIL
BEAUTY	BOBBI BROWN HYDRATING EYE CREAM
BEAUTY	MAC AMPLIFIED CREME LIPSTICK
BEAUTY	MAC AMPLIFIED CREME LIPSTICK
BEAUTY	MAC AMPLIFIED CREME LIPSTICK
BEAUTY	MAC AMPLIFIED CREME LIPSTICK
BEAUTY	MAC AMPLIFIED CREME LIPSTICK
BEAUTY	DARPHIN Paris Mascara
BEAUTY	DARPHIN Paris Mascara
BEAUTY	DARPHIN Paris Mascara
BEAUTY	BOBBI BROWN LIP GLOSS
BEAUTY	ORIGINS A PERFECT WORLD FOR EYES
BEAUTY	BOBBI BROWN SHIMMER LIP GLOSS
BEAUTY	Chanel Ericture De Chanel Automatic Liquid Eyeliner
BEAUTY	Chanel Ericture De Chanel Automatic Liquid Eyeliner
BEAUTY	Chanel Ericture De Chanel Automatic Liquid Eyeliner
BEAUTY	Chanel Ericture De Chanel Automatic Liquid Eyeliner
BEAUTY	Chanel Eye Tonic Dark Circle Corrector
BEAUTY	DARPHIN Paris Eye Pencil


